timestamp,Open,High,Low,Close,Volume,VWAP
2023-03-28 06:00:00-04:00,66.44,66.48,66.32,66.38,1245.0,66.54
2023-03-28 06:30:00-04:00,66.42,66.42,66.31,66.31,1241.0,66.49
2023-03-28 07:00:00-04:00,66.31,66.31,66.21,66.21,723.0,66.47
2023-03-28 07:30:00-04:00,66.34,66.6,66.29,66.58,6142.0,66.49
2023-03-28 08:00:00-04:00,66.54,66.67,66.5,66.5,1421.0,66.51
2023-03-28 08:30:00-04:00,66.53,66.66,66.3,66.38,14466.0,66.49
2023-03-28 09:00:00-04:00,66.36,66.37,66.06,66.17,19271.0,66.36
2023-03-28 09:30:00-04:00,66.17,66.29,66.11,66.29,11347.0,66.32
2023-03-28 10:00:00-04:00,66.28,66.42,65.9,66.16,1369295.0,66.19
2023-03-28 10:30:00-04:00,66.16,66.66,65.95,66.36,1086586.0,66.29
2023-03-28 11:00:00-04:00,66.35,66.38,65.67,65.79,1108334.0,66.15
2023-03-28 11:30:00-04:00,65.79,66.36,65.77,66.29,597546.0,66.14
2023-03-28 12:00:00-04:00,66.28,66.51,66.21,66.42,551756.0,66.17
2023-03-28 12:30:00-04:00,66.43,66.47,66.0,66.09,518994.0,66.18
2023-03-28 13:00:00-04:00,66.08,66.23,65.96,66.07,566746.0,66.17
2023-03-28 13:30:00-04:00,66.08,66.14,65.78,65.85,526222.0,66.15
2023-03-28 14:00:00-04:00,65.83,65.92,65.24,65.32,1106781.0,66.05
2023-03-28 14:30:00-04:00,65.3,65.63,65.25,65.54,641625.0,66.0
2023-03-28 15:00:00-04:00,65.55,65.88,65.4,65.79,586380.0,65.97
2023-03-28 15:30:00-04:00,65.81,66.03,65.65,65.71,726336.0,65.96
2023-03-28 16:00:00-04:00,65.72,66.26,65.57,66.22,1193749.0,65.97
2023-03-28 16:30:00-04:00,66.3,66.5,66.22,66.47,26863.0,66.43
2023-03-28 17:00:00-04:00,66.48,66.51,66.44,66.51,10222.0,66.45
2023-03-28 17:30:00-04:00,66.55,66.56,66.47,66.56,344.0,66.45
2023-03-28 18:00:00-04:00,66.58,66.58,66.48,66.48,30.0,66.45
2023-03-28 18:30:00-04:00,66.49,66.6,66.46,66.6,1821.0,66.45
2023-03-28 19:00:00-04:00,66.59,66.6,66.51,66.51,2569.0,66.46
2023-03-28 19:30:00-04:00,66.54,66.63,66.54,66.59,387.0,66.46
2023-03-28 20:00:00-04:00,66.6,66.77,66.6,66.74,4724.0,66.48
2023-03-29 04:30:00-04:00,67.79,67.88,67.68,67.87,3730.0,67.78
2023-03-29 05:00:00-04:00,67.87,68.04,67.83,67.86,3623.0,67.86
2023-03-29 05:30:00-04:00,67.9,68.08,67.9,67.98,530.0,67.87
2023-03-29 06:00:00-04:00,68.01,68.11,68.0,68.11,528.0,67.88
2023-03-29 06:30:00-04:00,68.06,68.06,67.93,67.93,689.0,67.89
2023-03-29 07:00:00-04:00,67.96,67.99,67.92,67.92,237.0,67.89
2023-03-29 07:30:00-04:00,67.94,67.97,67.81,67.86,2479.0,67.9
2023-03-29 08:00:00-04:00,67.84,67.98,67.81,67.81,769.0,67.9
2023-03-29 08:30:00-04:00,67.92,67.99,67.75,67.8,13333.0,67.89
2023-03-29 09:00:00-04:00,67.8,67.98,67.71,67.95,7128.0,67.87
2023-03-29 09:30:00-04:00,67.97,68.4,67.94,68.36,54554.0,68.1
2023-03-29 10:00:00-04:00,68.35,68.47,68.13,68.34,1914874.0,68.25
2023-03-29 10:30:00-04:00,68.34,68.54,68.04,68.14,877408.0,68.27
2023-03-29 11:00:00-04:00,68.15,68.22,67.76,67.81,1127983.0,68.17
2023-03-29 11:30:00-04:00,67.81,68.14,67.78,68.08,690933.0,68.14
2023-03-29 12:00:00-04:00,68.1,68.37,68.04,68.37,628164.0,68.15
2023-03-29 12:30:00-04:00,68.36,68.46,68.17,68.36,565943.0,68.17
2023-03-29 13:00:00-04:00,68.38,68.47,68.14,68.25,486247.0,68.18
2023-03-29 13:30:00-04:00,68.24,68.62,68.15,68.59,571774.0,68.21
2023-03-29 14:00:00-04:00,68.6,68.6,68.1,68.2,745088.0,68.22
2023-03-29 14:30:00-04:00,68.19,68.38,68.02,68.34,522929.0,68.22
2023-03-29 15:00:00-04:00,68.36,68.77,68.3,68.73,818662.0,68.25
2023-03-29 15:30:00-04:00,68.73,69.08,68.47,69.04,997415.0,68.3
2023-03-29 16:00:00-04:00,69.03,69.22,68.81,69.11,1272681.0,68.38
2023-03-29 16:30:00-04:00,69.03,69.15,69.01,69.11,5866.0,69.09
2023-03-29 17:00:00-04:00,69.11,69.17,69.11,69.12,7128.0,69.12
2023-03-29 17:30:00-04:00,69.02,69.2,69.02,69.17,4032.0,69.11
2023-03-29 18:00:00-04:00,69.17,69.2,69.01,69.1,1085.0,69.11
2023-03-29 18:30:00-04:00,69.1,69.14,69.04,69.09,3551.0,69.11
2023-03-29 19:00:00-04:00,69.09,69.09,68.98,69.01,1155.0,69.1
2023-03-29 19:30:00-04:00,69.01,69.03,68.98,69.0,1920.0,69.09
2023-03-29 20:00:00-04:00,68.99,68.99,68.85,68.88,9289.0,69.03
2023-03-30 04:30:00-04:00,69.75,69.93,69.68,69.9,1456.0,69.75
2023-03-30 05:00:00-04:00,69.76,69.92,69.74,69.92,1742.0,69.76
2023-03-30 05:30:00-04:00,69.88,69.94,69.82,69.94,2249.0,69.8
2023-03-30 06:00:00-04:00,69.83,69.83,69.8,69.81,233.0,69.8
2023-03-30 06:30:00-04:00,69.93,70.03,69.91,70.0,572.0,69.82
2023-03-30 07:00:00-04:00,70.03,70.32,70.03,70.28,1794.0,69.9
2023-03-30 07:30:00-04:00,70.26,70.37,70.12,70.29,2822.0,69.99
2023-03-30 08:00:00-04:00,70.26,70.31,70.12,70.23,4150.0,70.05
2023-03-30 08:30:00-04:00,70.35,70.36,69.76,70.17,15164.0,70.14
2023-03-30 09:00:00-04:00,70.05,70.48,68.44,70.38,19445.0,70.19
2023-03-30 09:30:00-04:00,70.37,70.55,70.15,70.46,81467.0,70.35
2023-03-30 10:00:00-04:00,70.45,70.49,70.17,70.46,1912730.0,70.33
2023-03-30 10:30:00-04:00,70.47,70.59,69.8,70.33,1264429.0,70.23
2023-03-30 11:00:00-04:00,70.31,70.5,70.11,70.21,1226724.0,70.26
2023-03-30 11:30:00-04:00,70.21,70.43,70.0,70.15,1349616.0,70.24
2023-03-30 12:00:00-04:00,70.14,70.16,69.76,69.94,832484.0,70.2
2023-03-30 12:30:00-04:00,69.93,70.01,69.73,69.78,566232.0,70.17
2023-03-30 13:00:00-04:00,69.78,69.79,69.42,69.57,736380.0,70.12
2023-03-30 13:30:00-04:00,69.57,69.8,69.51,69.61,601804.0,70.08
2023-03-30 14:00:00-04:00,69.6,69.61,69.25,69.54,620945.0,70.02
2023-03-30 14:30:00-04:00,69.56,69.99,69.51,69.95,661272.0,70.0
2023-03-30 15:00:00-04:00,69.95,70.14,69.83,69.98,672475.0,70.0
2023-03-30 15:30:00-04:00,69.97,70.19,69.83,70.13,593699.0,70.0
2023-03-30 16:00:00-04:00,70.12,70.26,70.03,70.23,1340902.0,70.02
2023-03-30 16:30:00-04:00,70.25,70.39,70.2,70.36,29766.0,70.27
2023-03-30 17:00:00-04:00,70.36,70.43,70.31,70.33,43632.0,70.33
2023-03-30 17:30:00-04:00,70.34,70.35,70.25,70.35,31103.0,70.32
2023-03-30 18:00:00-04:00,70.35,70.36,70.24,70.24,576.0,70.32
2023-03-30 18:30:00-04:00,70.2,70.2,70.07,70.07,2122.0,70.31
2023-03-30 19:00:00-04:00,70.18,70.25,70.16,70.22,1538.0,70.31
2023-03-30 19:30:00-04:00,70.22,70.35,70.22,70.33,1085.0,70.31
2023-03-30 20:00:00-04:00,70.33,70.47,70.33,70.46,3314.0,70.31
2023-03-31 04:30:00-04:00,70.25,70.28,70.1,70.25,2422.0,70.22
2023-03-31 05:00:00-04:00,70.2,70.37,70.2,70.29,2793.0,70.25
2023-03-31 05:30:00-04:00,70.25,70.57,70.25,70.57,1489.0,70.3
2023-03-31 06:00:00-04:00,70.55,70.6,70.5,70.59,55.0,70.3
2023-03-31 06:30:00-04:00,70.49,70.5,70.44,70.5,294.0,70.31
2023-03-31 07:00:00-04:00,70.56,70.58,70.52,70.55,231.0,70.32
2023-03-31 07:30:00-04:00,70.51,70.62,70.5,70.62,606.0,70.34
2023-03-31 08:00:00-04:00,70.7,70.7,70.5,70.5,891.0,70.36
2023-03-31 08:30:00-04:00,70.58,70.7,70.44,70.66,15228.0,70.48
2023-03-31 09:00:00-04:00,70.78,71.1,70.63,70.78,29457.0,70.7
2023-03-31 09:30:00-04:00,70.8,70.96,70.7,70.74,20560.0,70.75
2023-03-31 10:00:00-04:00,70.75,71.28,70.65,71.11,1394027.0,71.09
2023-03-31 10:30:00-04:00,71.16,71.38,71.08,71.22,690249.0,71.13
2023-03-31 11:00:00-04:00,71.22,71.56,71.18,71.52,689635.0,71.2
2023-03-31 11:30:00-04:00,71.52,71.94,71.43,71.76,869004.0,71.3
2023-03-31 12:00:00-04:00,71.77,72.0,71.74,71.98,485300.0,71.37
2023-03-31 12:30:00-04:00,71.98,72.28,71.96,72.24,629538.0,71.47
2023-03-31 13:00:00-04:00,72.22,72.26,71.96,72.04,513165.0,71.54
2023-03-31 13:30:00-04:00,72.04,72.1,71.87,71.93,483269.0,71.58
2023-03-31 14:00:00-04:00,71.93,72.05,71.78,71.99,409264.0,71.6
2023-03-31 14:30:00-04:00,72.0,72.29,71.9,72.03,507265.0,71.65
2023-03-31 15:00:00-04:00,72.04,72.23,71.95,72.2,422462.0,71.68
2023-03-31 15:30:00-04:00,72.2,73.01,72.2,72.95,1154769.0,71.83
2023-03-31 16:00:00-04:00,72.95,73.32,72.46,73.18,2092083.0,72.02
2023-03-31 16:30:00-04:00,73.17,73.26,73.09,73.23,45842.0,73.18
2023-03-31 17:00:00-04:00,73.23,73.36,73.23,73.26,140299.0,73.18
2023-03-31 17:30:00-04:00,73.24,73.33,73.17,73.24,303.0,73.18
2023-03-31 18:00:00-04:00,73.22,73.3,73.18,73.18,695.0,73.18
2023-03-31 18:30:00-04:00,73.16,73.36,73.16,73.2,831.0,73.18
2023-03-31 19:00:00-04:00,73.36,73.36,73.19,73.28,1176.0,73.18
2023-03-31 19:30:00-04:00,73.28,73.28,73.19,73.22,1133.0,73.18
2023-03-31 20:00:00-04:00,73.21,73.35,73.2,73.3,898.0,73.19
2023-04-03 04:30:00-04:00,73.03,73.11,72.64,72.64,2723.0,72.8
2023-04-03 05:00:00-04:00,72.61,72.8,72.59,72.8,3272.0,72.71
2023-04-03 05:30:00-04:00,72.87,72.87,72.79,72.79,203.0,72.72
2023-04-03 06:00:00-04:00,72.87,72.88,72.84,72.84,321.0,72.73
2023-04-03 06:30:00-04:00,73.0,73.08,72.99,72.99,169.0,72.73
2023-04-03 07:00:00-04:00,73.02,73.06,72.97,73.06,171.0,72.74
2023-04-03 07:30:00-04:00,73.06,73.08,72.95,73.06,926.0,72.77
2023-04-03 08:00:00-04:00,72.98,72.98,72.87,72.91,167.0,72.78
2023-04-03 08:30:00-04:00,72.93,73.12,72.6,72.81,10667.0,72.82
2023-04-03 09:00:00-04:00,72.8,72.96,72.67,72.95,3128.0,72.83
2023-04-03 09:30:00-04:00,72.9,72.96,72.8,72.87,13489.0,72.85
2023-04-03 10:00:00-04:00,72.87,73.85,72.85,73.57,1369936.0,73.34
2023-04-03 10:30:00-04:00,73.57,74.19,73.52,74.11,915383.0,73.55
2023-04-03 11:00:00-04:00,74.12,74.21,72.92,72.92,1173643.0,73.52
2023-04-03 11:30:00-04:00,72.93,73.07,72.63,72.97,746672.0,73.4
2023-04-03 12:00:00-04:00,72.96,73.2,72.93,73.19,524454.0,73.35
2023-04-03 12:30:00-04:00,73.2,73.41,73.14,73.29,546455.0,73.35
2023-04-03 13:00:00-04:00,73.29,73.35,73.06,73.09,439681.0,73.34
2023-04-03 13:30:00-04:00,73.09,73.34,72.91,73.06,482350.0,73.33
2023-04-03 14:00:00-04:00,73.06,73.26,72.89,73.06,430956.0,73.31
2023-04-03 14:30:00-04:00,73.06,73.29,72.99,73.27,414742.0,73.29
2023-04-03 15:00:00-04:00,73.26,73.72,73.25,73.69,649686.0,73.32
2023-04-03 15:30:00-04:00,73.69,74.01,73.65,73.92,833092.0,73.36
2023-04-03 16:00:00-04:00,73.92,74.11,73.77,73.95,2364661.0,73.47
2023-04-03 16:30:00-04:00,73.94,74.05,73.91,74.0,1143652.0,73.94
2023-04-03 17:00:00-04:00,74.01,74.03,73.93,73.97,9022.0,73.94
2023-04-03 17:30:00-04:00,73.9,73.95,73.9,73.95,723.0,73.94
2023-04-03 18:00:00-04:00,73.99,73.99,73.77,73.87,81.0,73.94
2023-04-03 18:30:00-04:00,73.79,73.82,73.72,73.74,1901.0,73.94
2023-04-03 19:00:00-04:00,73.74,73.76,73.7,73.73,680.0,73.94
2023-04-03 19:30:00-04:00,73.74,73.81,73.74,73.8,5847.0,73.94
2023-04-03 20:00:00-04:00,73.82,73.83,73.76,73.76,3020.0,73.94
2023-04-04 04:30:00-04:00,73.82,74.2,73.82,74.1,4769.0,73.87
2023-04-04 05:00:00-04:00,74.08,74.17,74.08,74.17,563.0,73.9
2023-04-04 05:30:00-04:00,74.09,74.45,74.09,74.45,1220.0,73.98
2023-04-04 06:00:00-04:00,74.41,74.72,74.41,74.72,684.0,74.04
2023-04-04 06:30:00-04:00,74.6,74.68,74.56,74.63,1133.0,74.11
2023-04-04 07:00:00-04:00,74.65,74.9,74.65,74.78,1568.0,74.22
2023-04-04 07:30:00-04:00,74.75,74.8,74.57,74.6,12891.0,74.48
2023-04-04 08:00:00-04:00,74.62,74.71,74.57,74.57,1607.0,74.49
2023-04-04 08:30:00-04:00,74.77,74.83,74.1,74.62,23770.0,74.57
2023-04-04 09:00:00-04:00,74.59,74.63,74.42,74.57,5493.0,74.56
2023-04-04 09:30:00-04:00,74.55,74.55,74.3,74.33,7919.0,74.54
2023-04-04 10:00:00-04:00,74.33,74.36,73.71,74.01,1313871.0,74.06
2023-04-04 10:30:00-04:00,74.02,74.5,73.46,73.69,1676577.0,74.06
2023-04-04 11:00:00-04:00,73.73,74.02,73.22,73.31,1226355.0,73.92
2023-04-04 11:30:00-04:00,73.28,73.3,72.5,72.87,1185795.0,73.69
2023-04-04 12:00:00-04:00,72.85,72.99,72.52,72.53,894432.0,73.55
2023-04-04 12:30:00-04:00,72.54,72.65,71.96,72.54,1191884.0,73.33
2023-04-04 13:00:00-04:00,72.54,72.67,72.32,72.58,798678.0,73.26
2023-04-04 13:30:00-04:00,72.57,72.99,72.46,72.92,842435.0,73.22
2023-04-04 14:00:00-04:00,72.92,73.08,72.66,72.76,874768.0,73.19
2023-04-04 14:30:00-04:00,72.76,72.9,72.34,72.36,883257.0,73.14
2023-04-04 15:00:00-04:00,72.35,72.6,72.22,72.33,837650.0,73.09
2023-04-04 15:30:00-04:00,72.31,72.67,72.21,72.28,896987.0,73.05
2023-04-04 16:00:00-04:00,72.28,72.78,72.11,72.76,1174198.0,73.0
2023-04-04 16:30:00-04:00,72.73,72.88,72.73,72.87,11295.0,72.83
2023-04-04 17:00:00-04:00,72.85,72.95,72.85,72.92,5984.0,72.86
2023-04-04 17:30:00-04:00,72.9,72.94,72.84,72.94,8582.0,72.87
2023-04-04 18:00:00-04:00,72.84,72.94,72.84,72.9,560.0,72.87
2023-04-04 18:30:00-04:00,72.97,72.97,72.88,72.88,2920.0,72.87
2023-04-04 19:00:00-04:00,72.89,72.98,72.89,72.92,1252.0,72.88
2023-04-04 19:30:00-04:00,72.94,72.97,72.92,72.97,2768.0,72.88
2023-04-04 20:00:00-04:00,72.97,73.04,72.92,72.98,1290.0,72.89
2023-04-05 04:30:00-04:00,72.53,72.53,72.39,72.39,965.0,72.43
2023-04-05 05:00:00-04:00,72.31,72.31,72.21,72.24,667.0,72.38
2023-04-05 05:30:00-04:00,72.29,72.41,72.26,72.26,560.0,72.35
2023-04-05 06:00:00-04:00,72.19,72.3,72.19,72.22,653.0,72.33
2023-04-05 06:30:00-04:00,72.25,72.34,72.22,72.3,145.0,72.33
2023-04-05 07:00:00-04:00,72.42,72.52,72.42,72.44,1200.0,72.37
2023-04-05 07:30:00-04:00,72.52,72.58,72.51,72.58,1526.0,72.41
2023-04-05 08:00:00-04:00,72.67,72.69,72.46,72.47,1882.0,72.47
2023-04-05 08:30:00-04:00,72.54,72.68,72.28,72.48,9611.0,72.52
2023-04-05 09:00:00-04:00,72.52,72.52,72.11,72.27,16318.0,72.35
2023-04-05 09:30:00-04:00,72.34,72.38,72.2,72.26,4760.0,72.34
2023-04-05 10:00:00-04:00,72.26,72.68,72.23,72.55,1442406.0,72.43
2023-04-05 10:30:00-04:00,72.55,72.7,71.91,71.96,1254614.0,72.34
2023-04-05 11:00:00-04:00,71.95,72.22,71.39,71.46,835181.0,72.2
2023-04-05 11:30:00-04:00,71.43,71.82,71.35,71.58,704758.0,72.1
2023-04-05 12:00:00-04:00,71.58,72.02,71.54,71.84,776363.0,72.05
2023-04-05 12:30:00-04:00,71.85,71.87,71.23,71.36,830619.0,71.97
2023-04-05 13:00:00-04:00,71.36,71.54,71.21,71.36,535538.0,71.91
2023-04-05 13:30:00-04:00,71.35,71.85,71.25,71.74,665784.0,71.88
2023-04-05 14:00:00-04:00,71.73,71.91,71.56,71.88,579291.0,71.87
2023-04-05 14:30:00-04:00,71.88,72.16,71.84,71.85,691450.0,71.88
2023-04-05 15:00:00-04:00,71.84,72.2,71.83,72.06,782064.0,71.9
2023-04-05 15:30:00-04:00,72.06,72.07,71.7,71.9,697289.0,71.89
2023-04-05 16:00:00-04:00,71.91,72.24,71.9,72.11,1193483.0,71.91
2023-04-05 16:30:00-04:00,72.11,72.14,72.07,72.07,20714.0,72.1
2023-04-05 17:00:00-04:00,72.08,72.08,71.99,72.0,2687.0,72.09
2023-04-05 17:30:00-04:00,71.98,72.0,71.9,72.0,731.0,72.09
2023-04-05 18:00:00-04:00,72.0,72.0,71.89,71.89,3101.0,72.07
2023-04-05 18:30:00-04:00,71.92,71.97,71.82,71.97,980.0,72.06
2023-04-05 19:00:00-04:00,71.94,71.98,71.9,71.93,629.0,72.06
2023-04-05 19:30:00-04:00,71.94,71.97,71.92,71.97,604.0,72.06
2023-04-05 20:00:00-04:00,71.88,71.92,71.85,71.91,992.0,72.05
2023-04-06 04:30:00-04:00,72.08,72.14,72.0,72.0,1987.0,72.08
2023-04-06 05:00:00-04:00,72.01,72.06,72.01,72.01,856.0,72.06
2023-04-06 05:30:00-04:00,72.1,72.1,71.95,71.95,201.0,72.06
2023-04-06 06:00:00-04:00,71.9,71.93,71.9,71.93,501.0,72.04
2023-04-06 06:30:00-04:00,71.68,72.02,71.64,71.94,5154.0,71.92
2023-04-06 07:00:00-04:00,71.97,72.1,71.95,72.01,432.0,71.92
2023-04-06 07:30:00-04:00,72.12,72.18,72.1,72.15,530.0,71.93
2023-04-06 08:00:00-04:00,72.16,72.39,72.16,72.39,3154.0,72.02
2023-04-06 08:30:00-04:00,72.17,72.44,72.0,72.0,19672.0,72.13
2023-04-06 09:00:00-04:00,72.01,72.05,71.73,71.76,19091.0,72.04
2023-04-06 09:30:00-04:00,71.72,71.79,71.48,71.6,10053.0,71.97
2023-04-06 10:00:00-04:00,71.59,71.68,71.03,71.27,1394084.0,71.23
2023-04-06 10:30:00-04:00,71.28,71.89,71.24,71.64,1049741.0,71.41
2023-04-06 11:00:00-04:00,71.64,71.8,71.27,71.43,1101846.0,71.44
2023-04-06 11:30:00-04:00,71.43,71.92,71.31,71.81,735433.0,71.49
2023-04-06 12:00:00-04:00,71.84,72.33,71.76,72.32,691884.0,71.57
2023-04-06 12:30:00-04:00,72.34,72.61,72.34,72.51,906025.0,71.73
2023-04-06 13:00:00-04:00,72.52,72.86,72.51,72.58,756466.0,71.85
2023-04-06 13:30:00-04:00,72.59,72.89,72.49,72.77,532889.0,71.94
2023-04-06 14:00:00-04:00,72.8,72.91,72.65,72.72,437875.0,72.0
2023-04-06 14:30:00-04:00,72.73,72.99,72.68,72.94,532379.0,72.06
2023-04-06 15:00:00-04:00,72.95,73.04,72.72,72.76,441835.0,72.11
2023-04-06 15:30:00-04:00,72.76,72.89,72.51,72.73,749055.0,72.17
2023-04-06 16:00:00-04:00,72.74,72.92,72.66,72.86,1021443.0,72.23
2023-04-06 16:30:00-04:00,72.85,72.86,72.79,72.8,27535.0,72.85
2023-04-06 17:00:00-04:00,72.8,72.87,72.77,72.79,2471.0,72.85
2023-04-06 17:30:00-04:00,72.78,72.78,72.77,72.78,27.0,72.85
2023-04-06 18:00:00-04:00,72.78,72.8,72.74,72.8,70.0,72.85
2023-04-06 18:30:00-04:00,72.68,72.8,72.68,72.8,1032.0,72.84
2023-04-06 19:00:00-04:00,72.8,72.8,72.75,72.76,2117.0,72.84
2023-04-06 19:30:00-04:00,72.74,72.74,72.68,72.68,7.0,72.84
2023-04-06 20:00:00-04:00,72.66,72.69,72.66,72.68,434.0,72.84
2023-04-10 04:30:00-04:00,72.8,72.84,72.76,72.76,510.0,72.81
2023-04-10 05:00:00-04:00,72.73,72.8,72.72,72.8,1104.0,72.75
2023-04-10 05:30:00-04:00,72.85,72.95,72.85,72.95,1185.0,72.83
2023-04-10 06:00:00-04:00,72.97,72.99,72.9,72.9,368.0,72.84
2023-04-10 06:30:00-04:00,73.0,73.0,73.0,73.0,33.0,72.84
2023-04-10 07:00:00-04:00,72.94,72.94,72.93,72.93,86.0,72.84
2023-04-10 07:30:00-04:00,72.9,72.9,72.62,72.62,3401.0,72.86
2023-04-10 08:00:00-04:00,72.53,72.53,72.36,72.47,2441.0,72.75
2023-04-10 08:30:00-04:00,72.46,72.95,71.67,71.74,14866.0,72.38
2023-04-10 09:00:00-04:00,71.71,71.77,71.57,71.6,6040.0,72.23
2023-04-10 09:30:00-04:00,71.57,71.69,71.32,71.5,13551.0,72.01
2023-04-10 10:00:00-04:00,71.51,71.61,71.15,71.27,1414179.0,71.37
2023-04-10 10:30:00-04:00,71.26,71.78,71.17,71.42,937415.0,71.45
2023-04-10 11:00:00-04:00,71.43,71.91,71.42,71.54,763664.0,71.51
2023-04-10 11:30:00-04:00,71.55,72.01,71.55,71.9,571047.0,71.56
2023-04-10 12:00:00-04:00,71.91,72.12,71.69,71.71,655540.0,71.61
2023-04-10 12:30:00-04:00,71.71,71.71,71.32,71.64,666954.0,71.6
2023-04-10 13:00:00-04:00,71.65,72.41,71.65,72.38,766394.0,71.67
2023-04-10 13:30:00-04:00,72.41,72.67,72.38,72.6,603677.0,71.75
2023-04-10 14:00:00-04:00,72.61,72.71,72.34,72.56,537057.0,71.82
2023-04-10 14:30:00-04:00,72.57,72.8,72.44,72.64,425329.0,71.88
2023-04-10 15:00:00-04:00,72.66,72.83,72.46,72.8,465741.0,71.93
2023-04-10 15:30:00-04:00,72.81,72.91,72.62,72.62,538494.0,71.99
2023-04-10 16:00:00-04:00,72.63,73.14,72.58,73.11,969359.0,72.08
2023-04-10 16:30:00-04:00,73.02,73.32,73.02,73.28,17045.0,73.24
2023-04-10 17:00:00-04:00,73.3,73.32,73.24,73.26,2756.0,73.25
2023-04-10 17:30:00-04:00,73.18,73.28,73.14,73.27,269.0,73.25
2023-04-10 18:00:00-04:00,73.31,73.31,73.2,73.2,21.0,73.25
2023-04-10 18:30:00-04:00,73.18,73.3,73.17,73.3,5277.0,73.24
2023-04-10 19:00:00-04:00,73.3,73.3,73.24,73.3,1634.0,73.25
2023-04-10 19:30:00-04:00,73.26,73.35,73.26,73.35,1325.0,73.25
2023-04-10 20:00:00-04:00,73.32,73.41,73.29,73.41,2139.0,73.25
2023-04-11 04:30:00-04:00,73.27,73.4,73.27,73.31,322.0,73.32
2023-04-11 05:00:00-04:00,73.28,73.33,73.28,73.33,94.0,73.31
2023-04-11 05:30:00-04:00,73.5,73.58,73.45,73.58,1037.0,73.49
2023-04-11 06:00:00-04:00,73.53,73.71,73.53,73.7,2777.0,73.6
2023-04-11 06:30:00-04:00,73.72,73.72,73.61,73.61,279.0,73.61
2023-04-11 07:00:00-04:00,73.63,73.63,73.42,73.45,1828.0,73.57
2023-04-11 07:30:00-04:00,73.34,73.34,73.11,73.11,3386.0,73.45
2023-04-11 08:00:00-04:00,73.12,73.12,72.92,73.08,4141.0,73.32
2023-04-11 08:30:00-04:00,73.5,73.51,72.91,73.14,35959.0,73.16
2023-04-11 09:00:00-04:00,73.11,73.35,73.11,73.13,2064.0,73.16
2023-04-11 09:30:00-04:00,73.14,73.41,73.08,73.35,11109.0,73.18
2023-04-11 10:00:00-04:00,73.34,73.43,72.96,73.03,951306.0,73.2
2023-04-11 10:30:00-04:00,73.03,73.27,72.92,73.27,678816.0,73.15
2023-04-11 11:00:00-04:00,73.28,73.29,72.71,72.94,679816.0,73.09
2023-04-11 11:30:00-04:00,72.95,73.33,72.94,73.18,859393.0,73.1
2023-04-11 12:00:00-04:00,73.19,73.33,73.01,73.3,528767.0,73.12
2023-04-11 12:30:00-04:00,73.31,73.56,73.28,73.43,572263.0,73.16
2023-04-11 13:00:00-04:00,73.43,73.53,73.19,73.5,483180.0,73.19
2023-04-11 13:30:00-04:00,73.5,73.64,73.36,73.55,484435.0,73.22
2023-04-11 14:00:00-04:00,73.55,73.74,73.46,73.71,505452.0,73.26
2023-04-11 14:30:00-04:00,73.72,73.78,73.58,73.78,368969.0,73.29
2023-04-11 15:00:00-04:00,73.79,73.88,73.72,73.79,504345.0,73.33
2023-04-11 15:30:00-04:00,73.77,73.9,73.61,73.8,502097.0,73.37
2023-04-11 16:00:00-04:00,73.8,73.84,72.87,73.09,1254080.0,73.35
2023-04-11 16:30:00-04:00,73.14,73.28,73.09,73.27,47816.0,73.14
2023-04-11 17:00:00-04:00,73.25,73.26,73.2,73.22,14894.0,73.16
2023-04-11 17:30:00-04:00,73.0,73.18,73.0,73.09,3041.0,73.15
2023-04-11 18:00:00-04:00,73.09,73.17,73.03,73.17,287.0,73.15
2023-04-11 18:30:00-04:00,73.16,73.25,73.15,73.2,1033.0,73.15
2023-04-11 19:00:00-04:00,73.22,73.24,73.17,73.21,384.0,73.15
2023-04-11 19:30:00-04:00,73.22,73.23,73.17,73.2,2879.0,73.16
2023-04-11 20:00:00-04:00,73.22,73.28,73.2,73.23,7776.0,73.17
2023-04-12 04:30:00-04:00,73.2,73.51,73.2,73.4,3707.0,73.42
2023-04-12 05:00:00-04:00,73.37,73.38,73.37,73.38,302.0,73.41
2023-04-12 05:30:00-04:00,73.27,73.29,73.18,73.29,1253.0,73.38
2023-04-12 06:00:00-04:00,73.33,73.51,73.33,73.46,1176.0,73.39
2023-04-12 06:30:00-04:00,73.55,73.6,73.5,73.5,630.0,73.4
2023-04-12 07:30:00-04:00,73.39,73.44,73.36,73.38,826.0,73.4
2023-04-12 08:00:00-04:00,73.37,73.56,73.35,73.56,2453.0,73.41
2023-04-12 08:30:00-04:00,73.37,73.59,73.16,73.3,18288.0,73.38
2023-04-12 09:00:00-04:00,73.3,75.27,73.3,74.37,107177.0,74.41
2023-04-12 09:30:00-04:00,74.4,74.57,74.12,74.3,38130.0,74.39
2023-04-12 10:00:00-04:00,74.28,74.42,73.33,73.67,2592763.0,73.91
2023-04-12 10:30:00-04:00,73.66,74.25,73.45,74.11,1666658.0,73.93
2023-04-12 11:00:00-04:00,74.11,74.2,72.78,72.83,1804463.0,73.75
2023-04-12 11:30:00-04:00,72.8,73.05,72.32,73.04,1451582.0,73.53
2023-04-12 12:00:00-04:00,73.04,73.52,72.88,73.46,936758.0,73.49
2023-04-12 12:30:00-04:00,73.47,73.67,73.39,73.54,923722.0,73.49
2023-04-12 13:00:00-04:00,73.55,73.78,73.41,73.73,698775.0,73.5
2023-04-12 13:30:00-04:00,73.75,74.06,73.51,73.9,795754.0,73.53
2023-04-12 14:00:00-04:00,73.92,74.05,73.62,73.72,720131.0,73.55
2023-04-12 14:30:00-04:00,73.7,74.05,72.96,73.06,1407680.0,73.56
2023-04-12 15:00:00-04:00,73.06,73.06,72.48,72.78,1461493.0,73.48
2023-04-12 15:30:00-04:00,72.74,72.96,71.93,71.98,1322123.0,73.39
2023-04-12 16:00:00-04:00,72.0,72.46,71.92,72.26,1644152.0,73.28
2023-04-12 16:30:00-04:00,72.28,72.28,72.04,72.04,4854.0,72.14
2023-04-12 17:00:00-04:00,72.09,72.12,72.04,72.06,3161.0,72.11
2023-04-12 17:30:00-04:00,72.04,72.12,72.0,72.0,2542.0,72.1
2023-04-12 18:00:00-04:00,72.0,72.08,72.0,72.01,10.0,72.1
2023-04-12 18:30:00-04:00,72.1,72.1,71.97,71.98,3940.0,72.08
2023-04-12 19:00:00-04:00,71.99,71.99,71.8,71.81,3731.0,72.05
2023-04-12 19:30:00-04:00,71.83,71.94,71.81,71.91,2038.0,72.03
2023-04-12 20:00:00-04:00,71.92,71.96,71.75,71.8,6135.0,71.99
2023-04-13 04:30:00-04:00,72.71,72.84,72.47,72.54,3627.0,72.74
2023-04-13 05:00:00-04:00,72.52,72.53,72.49,72.51,556.0,72.71
2023-04-13 05:30:00-04:00,72.44,72.85,72.44,72.78,1673.0,72.72
2023-04-13 06:00:00-04:00,72.79,72.8,72.58,72.58,1580.0,72.72
2023-04-13 06:30:00-04:00,72.6,72.6,72.32,72.32,875.0,72.68
2023-04-13 07:00:00-04:00,72.42,72.42,72.42,72.42,300.0,72.67
2023-04-13 07:30:00-04:00,72.39,72.56,72.39,72.53,760.0,72.66
2023-04-13 08:00:00-04:00,72.52,72.52,72.24,72.24,156.0,72.65
2023-04-13 08:30:00-04:00,72.24,72.58,72.18,72.5,22843.0,72.55
2023-04-13 09:00:00-04:00,72.6,73.2,72.6,72.95,23286.0,72.68
2023-04-13 09:30:00-04:00,72.98,73.05,72.72,72.78,10806.0,72.71
2023-04-13 10:00:00-04:00,72.79,72.96,72.53,72.75,1088265.0,72.77
2023-04-13 10:30:00-04:00,72.77,73.66,72.65,73.6,1334071.0,73.05
2023-04-13 11:00:00-04:00,73.61,73.68,73.28,73.35,801161.0,73.16
2023-04-13 11:30:00-04:00,73.36,73.65,73.36,73.64,696051.0,73.23
2023-04-13 12:00:00-04:00,73.63,73.78,73.39,73.72,656329.0,73.29
2023-04-13 12:30:00-04:00,73.73,74.0,73.72,73.96,647147.0,73.36
2023-04-13 13:00:00-04:00,73.97,74.04,73.82,73.98,410996.0,73.4
2023-04-13 13:30:00-04:00,74.02,74.32,73.8,74.22,627925.0,73.5
2023-04-13 14:00:00-04:00,74.23,74.68,74.15,74.62,593506.0,73.59
2023-04-13 14:30:00-04:00,74.64,75.03,74.57,74.87,742362.0,73.71
2023-04-13 15:00:00-04:00,74.88,75.14,74.77,75.09,742760.0,73.83
2023-04-13 15:30:00-04:00,75.13,75.21,74.92,75.1,738236.0,73.94
2023-04-13 16:00:00-04:00,75.12,75.23,74.85,74.99,1210538.0,74.07
2023-04-13 16:30:00-04:00,74.99,74.99,74.9,74.97,5553.0,74.96
2023-04-13 17:00:00-04:00,74.98,74.98,74.75,74.79,4700.0,74.94
2023-04-13 17:30:00-04:00,74.72,74.88,74.72,74.87,529.0,74.93
2023-04-13 18:00:00-04:00,74.92,74.92,74.74,74.74,205.0,74.93
2023-04-13 18:30:00-04:00,74.76,74.85,74.69,74.85,2667.0,74.91
2023-04-13 19:00:00-04:00,74.83,74.96,74.8,74.94,1942.0,74.91
2023-04-13 19:30:00-04:00,74.91,74.95,74.8,74.8,392.0,74.91
2023-04-13 20:00:00-04:00,74.84,74.85,74.76,74.85,2653.0,74.9
2023-04-14 04:30:00-04:00,74.91,74.91,74.65,74.65,2587.0,74.87
2023-04-14 05:00:00-04:00,74.61,74.66,74.6,74.6,671.0,74.82
2023-04-14 05:30:00-04:00,74.61,74.68,74.61,74.68,606.0,74.79
2023-04-14 06:00:00-04:00,74.62,74.64,74.61,74.64,516.0,74.77
2023-04-14 06:30:00-04:00,74.6,74.63,74.49,74.63,1719.0,74.71
2023-04-14 07:00:00-04:00,74.59,74.76,74.51,74.73,1316.0,74.7
2023-04-14 07:30:00-04:00,74.8,75.05,74.8,74.88,4854.0,74.79
2023-04-14 08:00:00-04:00,74.92,74.92,74.81,74.84,4650.0,74.81
2023-04-14 08:30:00-04:00,75.03,75.21,74.61,75.06,18678.0,74.91
2023-04-14 09:00:00-04:00,75.1,75.27,74.46,74.68,32963.0,74.84
2023-04-14 09:30:00-04:00,74.64,74.74,74.5,74.66,18109.0,74.8
2023-04-14 10:00:00-04:00,74.66,75.87,74.65,75.71,1526609.0,75.34
2023-04-14 10:30:00-04:00,75.69,75.8,74.28,74.37,1499581.0,75.13
2023-04-14 11:00:00-04:00,74.39,74.59,74.04,74.31,865222.0,74.95
2023-04-14 11:30:00-04:00,74.32,74.44,73.92,73.99,739494.0,74.83
2023-04-14 12:00:00-04:00,73.98,74.13,73.8,74.07,446765.0,74.74
2023-04-14 12:30:00-04:00,74.07,74.11,73.64,73.73,541110.0,74.66
2023-04-14 13:00:00-04:00,73.72,73.73,73.18,73.29,650215.0,74.52
2023-04-14 13:30:00-04:00,73.3,73.94,73.26,73.44,790164.0,74.41
2023-04-14 14:00:00-04:00,73.44,73.72,73.14,73.65,728632.0,74.3
2023-04-14 14:30:00-04:00,73.66,74.16,73.48,74.13,823337.0,74.26
2023-04-14 15:00:00-04:00,74.17,74.3,74.02,74.24,672728.0,74.25
2023-04-14 15:30:00-04:00,74.25,74.26,73.47,74.08,1021572.0,74.22
2023-04-14 16:00:00-04:00,74.1,74.63,74.04,74.5,1175369.0,74.24
2023-04-14 16:30:00-04:00,74.48,74.85,74.48,74.83,29441.0,74.56
2023-04-14 17:00:00-04:00,74.86,75.1,74.86,75.04,10380.0,74.65
2023-04-14 17:30:00-04:00,74.85,74.98,74.63,74.63,3424.0,74.67
2023-04-14 18:00:00-04:00,74.75,74.75,74.62,74.65,39.0,74.67
2023-04-14 18:30:00-04:00,74.66,74.8,74.66,74.8,1254.0,74.67
2023-04-14 19:00:00-04:00,74.71,74.8,74.71,74.75,444.0,74.67
2023-04-14 19:30:00-04:00,74.75,74.8,74.71,74.75,527.0,74.67
2023-04-14 20:00:00-04:00,74.75,74.88,74.71,74.8,519.0,74.67
2023-04-17 04:30:00-04:00,74.99,74.99,74.8,74.83,325.0,74.85
2023-04-17 05:00:00-04:00,74.83,74.83,74.71,74.73,3442.0,74.78
2023-04-17 05:30:00-04:00,74.76,74.76,74.66,74.68,149.0,74.77
2023-04-17 06:00:00-04:00,74.59,74.6,74.59,74.6,201.0,74.76
2023-04-17 06:30:00-04:00,74.56,74.56,74.56,74.56,13.0,74.76
2023-04-17 07:00:00-04:00,74.65,74.76,74.65,74.76,14.0,74.76
2023-04-17 07:30:00-04:00,74.75,74.8,74.69,74.69,690.0,74.76
2023-04-17 08:00:00-04:00,74.58,74.76,74.54,74.76,1279.0,74.73
2023-04-17 08:30:00-04:00,74.77,74.86,74.55,74.64,6617.0,74.71
2023-04-17 09:00:00-04:00,74.57,74.74,74.42,74.51,11238.0,74.63
2023-04-17 09:30:00-04:00,74.52,74.54,74.29,74.38,7115.0,74.58
2023-04-17 10:00:00-04:00,74.39,74.81,74.3,74.54,1069183.0,74.58
2023-04-17 10:30:00-04:00,74.57,74.81,74.35,74.58,663455.0,74.59
2023-04-17 11:00:00-04:00,74.58,74.77,74.14,74.36,831879.0,74.52
2023-04-17 11:30:00-04:00,74.37,74.55,74.17,74.25,600124.0,74.48
2023-04-17 12:00:00-04:00,74.25,74.25,73.75,74.0,1047296.0,74.34
2023-04-17 12:30:00-04:00,74.0,74.12,73.79,74.02,624254.0,74.29
2023-04-17 13:00:00-04:00,74.02,74.17,73.91,74.03,482328.0,74.26
2023-04-17 13:30:00-04:00,74.05,74.23,73.87,74.17,479884.0,74.25
2023-04-17 14:00:00-04:00,74.17,74.24,73.76,73.8,552721.0,74.23
2023-04-17 14:30:00-04:00,73.82,74.0,73.68,73.98,627567.0,74.19
2023-04-17 15:00:00-04:00,73.98,74.62,73.94,74.56,936408.0,74.21
2023-04-17 15:30:00-04:00,74.58,75.02,74.58,74.99,1000679.0,74.27
2023-04-17 16:00:00-04:00,74.99,75.29,74.75,75.25,1224944.0,74.36
2023-04-17 16:30:00-04:00,75.24,75.38,75.23,75.36,22424.0,75.32
2023-04-17 17:00:00-04:00,75.38,75.38,75.23,75.23,6970.0,75.31
2023-04-17 17:30:00-04:00,75.2,75.25,75.14,75.25,541.0,75.31
2023-04-17 18:00:00-04:00,75.22,75.25,75.16,75.24,239.0,75.31
2023-04-17 18:30:00-04:00,75.18,75.18,75.12,75.14,490.0,75.3
2023-04-17 19:00:00-04:00,75.16,75.2,75.12,75.2,1372.0,75.3
2023-04-17 19:30:00-04:00,75.21,75.23,75.16,75.19,2446.0,75.29
2023-04-17 20:00:00-04:00,75.2,75.2,75.15,75.18,233.0,75.29
2023-04-18 04:30:00-04:00,75.47,75.52,75.44,75.45,1316.0,75.47
2023-04-18 05:00:00-04:00,75.48,75.8,75.45,75.7,1118.0,75.54
2023-04-18 05:30:00-04:00,75.74,75.89,75.74,75.84,1478.0,75.67
2023-04-18 06:00:00-04:00,75.89,76.05,75.89,76.01,1385.0,75.76
2023-04-18 06:30:00-04:00,75.98,76.0,75.88,76.0,381.0,75.77
2023-04-18 07:00:00-04:00,76.06,76.28,76.05,76.19,935.0,75.82
2023-04-18 07:30:00-04:00,76.16,76.2,76.07,76.13,1869.0,75.89
2023-04-18 08:00:00-04:00,76.2,76.2,76.02,76.06,2182.0,75.94
2023-04-18 08:30:00-04:00,76.18,76.26,75.73,76.24,33281.0,76.07
2023-04-18 09:00:00-04:00,76.2,76.36,76.2,76.21,16167.0,76.12
2023-04-18 09:30:00-04:00,76.22,76.22,76.03,76.14,10623.0,76.12
2023-04-18 10:00:00-04:00,76.11,76.18,75.49,75.61,1225717.0,75.92
2023-04-18 10:30:00-04:00,75.6,75.62,74.87,74.96,1209615.0,75.59
2023-04-18 11:00:00-04:00,74.96,75.14,74.66,74.85,898449.0,75.39
2023-04-18 11:30:00-04:00,74.85,75.03,74.69,74.95,644646.0,75.3
2023-04-18 12:00:00-04:00,74.96,75.13,74.57,74.81,641134.0,75.23
2023-04-18 12:30:00-04:00,74.82,75.33,74.75,75.33,572069.0,75.22
2023-04-18 13:00:00-04:00,75.33,75.37,75.0,75.12,515551.0,75.22
2023-04-18 13:30:00-04:00,75.12,75.36,75.05,75.06,382688.0,75.22
2023-04-18 14:00:00-04:00,75.05,75.49,75.01,75.21,461369.0,75.22
2023-04-18 14:30:00-04:00,75.21,75.49,75.08,75.39,540880.0,75.23
2023-04-18 15:00:00-04:00,75.39,75.5,74.82,75.13,611073.0,75.22
2023-04-18 15:30:00-04:00,75.14,75.47,75.14,75.29,618606.0,75.23
2023-04-18 16:00:00-04:00,75.28,75.56,75.19,75.35,824554.0,75.24
2023-04-18 16:30:00-04:00,75.36,75.37,75.18,75.34,12646.0,75.27
2023-04-18 17:00:00-04:00,75.34,75.43,75.33,75.33,35072.0,75.36
2023-04-18 17:30:00-04:00,75.3,75.4,75.3,75.37,201.0,75.36
2023-04-18 18:00:00-04:00,75.38,75.38,75.27,75.38,402.0,75.36
2023-04-18 18:30:00-04:00,75.25,75.3,75.25,75.25,618.0,75.36
2023-04-18 19:00:00-04:00,75.26,75.3,75.23,75.3,505.0,75.36
2023-04-18 19:30:00-04:00,75.32,75.32,75.25,75.25,125.0,75.36
2023-04-18 20:00:00-04:00,75.2,75.23,75.18,75.18,75.0,75.35
2023-04-19 04:30:00-04:00,74.67,74.69,74.24,74.32,2008.0,74.43
2023-04-19 05:00:00-04:00,74.48,74.51,74.43,74.46,933.0,74.45
2023-04-19 05:30:00-04:00,74.25,74.25,74.11,74.25,690.0,74.4
2023-04-19 06:00:00-04:00,74.17,74.26,73.96,73.96,1146.0,74.34
2023-04-19 06:30:00-04:00,74.06,74.07,74.0,74.01,776.0,74.3
2023-04-19 07:00:00-04:00,74.2,74.29,74.04,74.28,2854.0,74.27
2023-04-19 07:30:00-04:00,74.27,74.29,74.16,74.29,4538.0,74.27
2023-04-19 08:00:00-04:00,74.39,74.41,74.15,74.18,2492.0,74.27
2023-04-19 08:30:00-04:00,74.31,74.46,73.96,74.15,27649.0,74.23
2023-04-19 09:00:00-04:00,74.15,74.16,73.87,73.94,10589.0,74.18
2023-04-19 09:30:00-04:00,73.99,74.26,73.99,74.24,15048.0,74.17
2023-04-19 10:00:00-04:00,74.24,74.53,74.23,74.3,1457975.0,74.36
2023-04-19 10:30:00-04:00,74.3,74.7,74.28,74.68,1013859.0,74.43
2023-04-19 11:00:00-04:00,74.68,75.0,74.62,74.85,977343.0,74.53
2023-04-19 11:30:00-04:00,74.87,75.01,74.72,74.84,841285.0,74.59
2023-04-19 12:00:00-04:00,74.84,75.12,74.66,75.07,1087061.0,74.67
2023-04-19 12:30:00-04:00,75.08,75.21,74.97,75.16,622655.0,74.72
2023-04-19 13:00:00-04:00,75.16,75.33,75.15,75.26,706782.0,74.78
2023-04-19 13:30:00-04:00,75.26,75.47,75.13,75.36,735085.0,74.83
2023-04-19 14:00:00-04:00,75.38,75.55,75.23,75.52,449656.0,74.85
2023-04-19 14:30:00-04:00,75.53,75.82,75.36,75.52,687912.0,74.91
2023-04-19 15:00:00-04:00,75.53,75.57,75.32,75.52,531269.0,74.94
2023-04-19 15:30:00-04:00,75.53,75.66,75.39,75.51,714981.0,74.99
2023-04-19 16:00:00-04:00,75.48,75.58,75.04,75.35,1032270.0,75.02
2023-04-19 16:30:00-04:00,75.22,75.35,75.03,75.19,12457.0,75.14
2023-04-19 17:00:00-04:00,75.17,75.17,75.09,75.15,3947.0,75.14
2023-04-19 17:30:00-04:00,75.03,75.18,75.0,75.0,611.0,75.14
2023-04-19 18:00:00-04:00,75.2,75.2,75.0,75.1,558.0,75.13
2023-04-19 18:30:00-04:00,75.02,75.04,74.83,74.87,3432.0,75.1
2023-04-19 19:00:00-04:00,74.88,74.88,74.82,74.84,372.0,75.09
2023-04-19 19:30:00-04:00,74.84,74.87,74.77,74.83,1497.0,75.08
2023-04-19 20:00:00-04:00,74.73,74.73,74.65,74.68,3010.0,75.03
2023-04-20 04:30:00-04:00,73.86,73.86,73.74,73.79,1088.0,73.78
2023-04-20 05:00:00-04:00,73.76,73.76,73.6,73.71,919.0,73.73
2023-04-20 05:30:00-04:00,73.61,73.75,73.61,73.75,688.0,73.71
2023-04-20 06:00:00-04:00,73.78,73.84,73.75,73.81,257.0,73.72
2023-04-20 06:30:00-04:00,73.84,73.84,73.68,73.72,1171.0,73.73
2023-04-20 07:00:00-04:00,73.69,73.86,73.69,73.85,1310.0,73.74
2023-04-20 07:30:00-04:00,73.96,74.04,73.87,74.04,3539.0,73.84
2023-04-20 08:00:00-04:00,73.96,73.96,73.7,73.7,1173.0,73.84
2023-04-20 08:30:00-04:00,73.96,74.04,73.49,73.71,47940.0,73.64
2023-04-20 09:00:00-04:00,73.83,73.88,73.58,73.82,15719.0,73.65
2023-04-20 09:30:00-04:00,73.84,73.84,73.61,73.61,21879.0,73.66
2023-04-20 10:00:00-04:00,73.59,74.26,73.59,73.89,1492236.0,73.98
2023-04-20 10:30:00-04:00,73.86,74.37,73.74,74.22,1205529.0,74.05
2023-04-20 11:00:00-04:00,74.22,74.56,74.19,74.47,844875.0,74.14
2023-04-20 11:30:00-04:00,74.48,74.54,74.03,74.2,628436.0,74.16
2023-04-20 12:00:00-04:00,74.19,74.41,73.98,74.25,588680.0,74.17
2023-04-20 12:30:00-04:00,74.26,74.45,73.99,74.43,513536.0,74.18
2023-04-20 13:00:00-04:00,74.44,74.8,74.39,74.78,607261.0,74.23
2023-04-20 13:30:00-04:00,74.8,74.96,74.69,74.92,610940.0,74.3
2023-04-20 14:00:00-04:00,74.92,75.01,74.71,74.76,459537.0,74.35
2023-04-20 14:30:00-04:00,74.75,74.76,74.29,74.32,574663.0,74.36
2023-04-20 15:00:00-04:00,74.32,74.34,73.61,73.88,1115664.0,74.29
2023-04-20 15:30:00-04:00,73.88,73.99,73.14,73.18,1105146.0,74.19
2023-04-20 16:00:00-04:00,73.23,74.03,73.22,73.99,1668852.0,74.1
2023-04-20 16:30:00-04:00,74.0,74.25,73.99,74.07,25951.0,74.11
2023-04-20 17:00:00-04:00,74.03,74.07,74.0,74.01,3676.0,74.1
2023-04-20 17:30:00-04:00,74.05,74.51,73.99,74.01,217.0,74.1
2023-04-20 18:00:00-04:00,74.0,74.1,73.89,73.89,251.0,74.1
2023-04-20 18:30:00-04:00,73.94,73.98,73.87,73.94,314.0,74.1
2023-04-20 19:00:00-04:00,73.95,73.96,73.9,73.95,1901.0,74.09
2023-04-20 19:30:00-04:00,73.95,74.05,73.95,73.99,14103.0,74.08
2023-04-20 20:00:00-04:00,73.99,73.99,73.85,73.9,4840.0,74.06
2023-04-21 04:30:00-04:00,73.85,73.93,73.82,73.82,545.0,73.88
2023-04-21 05:00:00-04:00,73.81,74.01,73.66,74.01,3613.0,73.83
2023-04-21 05:30:00-04:00,74.08,74.11,73.92,74.02,3679.0,73.91
2023-04-21 06:00:00-04:00,74.0,74.07,73.84,73.85,270.0,73.91
2023-04-21 06:30:00-04:00,73.79,73.86,73.67,73.67,2084.0,73.87
2023-04-21 07:00:00-04:00,73.62,73.62,73.39,73.39,2876.0,73.8
2023-04-21 07:30:00-04:00,73.44,73.57,73.3,73.46,4719.0,73.71
2023-04-21 08:00:00-04:00,73.61,73.61,73.54,73.56,726.0,73.7
2023-04-21 08:30:00-04:00,73.44,73.92,73.32,73.91,16751.0,73.68
2023-04-21 09:00:00-04:00,73.9,74.03,73.84,74.03,6668.0,73.72
2023-04-21 09:30:00-04:00,74.06,74.3,73.98,74.08,37098.0,73.93
2023-04-21 10:00:00-04:00,74.07,74.18,73.45,73.46,1098001.0,73.89
2023-04-21 10:30:00-04:00,73.45,74.27,73.19,74.05,989943.0,73.8
2023-04-21 11:00:00-04:00,74.07,74.18,73.04,73.38,1049248.0,73.68
2023-04-21 11:30:00-04:00,73.4,73.83,73.35,73.64,671318.0,73.67
2023-04-21 12:00:00-04:00,73.66,73.99,73.39,73.88,656812.0,73.68
2023-04-21 12:30:00-04:00,73.89,74.01,73.69,73.73,471733.0,73.7
2023-04-21 13:00:00-04:00,73.73,73.89,73.63,73.81,375451.0,73.71
2023-04-21 13:30:00-04:00,73.81,74.03,73.67,73.77,384347.0,73.72
2023-04-21 14:00:00-04:00,73.77,74.22,73.77,74.14,476493.0,73.74
2023-04-21 14:30:00-04:00,74.16,74.39,74.15,74.2,581757.0,73.79
2023-04-21 15:00:00-04:00,74.21,74.28,73.88,74.03,561526.0,73.81
2023-04-21 15:30:00-04:00,74.02,74.13,73.69,73.91,545486.0,73.82
2023-04-21 16:00:00-04:00,73.91,74.23,73.77,74.12,785877.0,73.83
2023-04-21 16:30:00-04:00,74.1,74.17,74.01,74.02,8791.0,74.08
2023-04-21 17:00:00-04:00,74.02,74.05,73.98,74.05,290101.0,74.12
2023-04-21 17:30:00-04:00,73.95,74.05,73.95,74.0,1660.0,74.12
2023-04-21 18:00:00-04:00,74.0,74.0,73.92,73.92,544.0,74.12
2023-04-21 18:30:00-04:00,73.96,74.0,73.96,74.0,124.0,74.12
2023-04-21 19:00:00-04:00,74.0,74.0,73.93,74.0,44.0,74.12
2023-04-21 19:30:00-04:00,73.98,74.0,73.98,73.99,728.0,74.12
2023-04-21 20:00:00-04:00,74.0,74.0,73.99,74.0,79.0,74.12
2023-04-24 04:30:00-04:00,73.31,73.47,73.3,73.3,3204.0,73.41
2023-04-24 05:00:00-04:00,73.28,73.37,73.24,73.37,951.0,73.38
2023-04-24 05:30:00-04:00,73.31,73.78,73.31,73.78,1850.0,73.46
2023-04-24 06:00:00-04:00,73.74,73.78,73.74,73.78,200.0,73.47
2023-04-24 06:30:00-04:00,73.67,73.67,73.67,73.67,500.0,73.49
2023-04-24 07:00:00-04:00,73.72,73.79,73.7,73.79,1543.0,73.53
2023-04-24 07:30:00-04:00,73.88,74.03,73.88,74.03,2261.0,73.64
2023-04-24 08:00:00-04:00,74.08,74.08,73.97,73.97,1342.0,73.68
2023-04-24 08:30:00-04:00,73.86,74.13,73.65,73.96,29852.0,73.91
2023-04-24 09:00:00-04:00,73.95,74.18,73.86,74.15,27246.0,73.96
2023-04-24 09:30:00-04:00,74.08,74.2,73.97,74.0,3321.0,73.97
2023-04-24 10:00:00-04:00,74.02,74.52,73.99,74.39,905028.0,74.36
2023-04-24 10:30:00-04:00,74.39,74.55,74.23,74.49,554059.0,74.37
2023-04-24 11:00:00-04:00,74.55,74.58,73.68,73.8,923334.0,74.23
2023-04-24 11:30:00-04:00,73.8,73.84,73.53,73.58,556661.0,74.13
2023-04-24 12:00:00-04:00,73.58,73.73,73.36,73.41,490482.0,74.03
2023-04-24 12:30:00-04:00,73.42,73.7,73.25,73.68,500010.0,73.97
2023-04-24 13:00:00-04:00,73.68,73.87,73.65,73.84,413497.0,73.95
2023-04-24 13:30:00-04:00,73.85,73.9,73.68,73.87,380097.0,73.93
2023-04-24 14:00:00-04:00,73.88,74.17,73.85,74.11,476695.0,73.94
2023-04-24 14:30:00-04:00,74.11,74.23,73.94,74.02,560275.0,73.96
2023-04-24 15:00:00-04:00,74.03,74.09,73.85,74.05,350329.0,73.96
2023-04-24 15:30:00-04:00,74.08,74.3,74.06,74.18,612712.0,73.98
2023-04-24 16:00:00-04:00,74.17,74.36,74.1,74.33,897099.0,74.01
2023-04-24 16:30:00-04:00,74.33,74.43,74.23,74.42,8937.0,74.36
2023-04-24 17:00:00-04:00,74.39,74.4,74.16,74.2,4778.0,74.31
2023-04-24 17:30:00-04:00,74.19,74.25,74.18,74.24,445.0,74.31
2023-04-24 18:00:00-04:00,74.24,74.24,74.04,74.16,423.0,74.3
2023-04-24 18:30:00-04:00,74.17,74.25,74.11,74.18,1729.0,74.29
2023-04-24 19:00:00-04:00,74.18,74.18,74.14,74.15,86.0,74.29
2023-04-24 19:30:00-04:00,74.15,74.18,74.11,74.15,328.0,74.29
2023-04-24 20:00:00-04:00,74.2,74.23,74.14,74.14,333.0,74.28
2023-04-25 04:30:00-04:00,73.29,73.29,72.86,72.94,4568.0,73.2
2023-04-25 05:00:00-04:00,72.98,73.29,72.98,73.2,1016.0,73.21
2023-04-25 05:30:00-04:00,73.03,73.2,73.03,73.2,187.0,73.2
2023-04-25 06:00:00-04:00,73.16,73.27,73.1,73.24,1711.0,73.21
2023-04-25 06:30:00-04:00,73.28,73.28,73.12,73.12,1604.0,73.21
2023-04-25 07:00:00-04:00,73.15,73.33,73.15,73.33,1995.0,73.21
2023-04-25 07:30:00-04:00,73.4,73.43,73.28,73.42,1811.0,73.23
2023-04-25 08:00:00-04:00,73.44,73.47,73.21,73.36,4575.0,73.24
2023-04-25 08:30:00-04:00,73.34,73.52,73.15,73.46,19814.0,73.3
2023-04-25 09:00:00-04:00,73.47,73.47,73.26,73.3,5740.0,73.31
2023-04-25 09:30:00-04:00,73.33,73.39,73.18,73.22,12933.0,73.3
2023-04-25 10:00:00-04:00,73.23,73.52,72.91,73.05,1185526.0,73.21
2023-04-25 10:30:00-04:00,73.05,73.33,72.59,72.69,1070706.0,73.02
2023-04-25 11:00:00-04:00,72.71,72.89,72.43,72.81,754063.0,72.92
2023-04-25 11:30:00-04:00,72.83,73.12,72.64,72.68,685649.0,72.92
2023-04-25 12:00:00-04:00,72.67,72.67,72.34,72.38,757885.0,72.84
2023-04-25 12:30:00-04:00,72.37,72.52,72.28,72.32,459192.0,72.79
2023-04-25 13:00:00-04:00,72.31,72.36,72.06,72.17,628433.0,72.73
2023-04-25 13:30:00-04:00,72.18,72.32,71.27,71.54,1121988.0,72.53
2023-04-25 14:00:00-04:00,71.52,71.57,71.18,71.27,637858.0,72.43
2023-04-25 14:30:00-04:00,71.27,71.41,71.04,71.38,724419.0,72.31
2023-04-25 15:00:00-04:00,71.38,71.5,71.05,71.08,760097.0,72.22
2023-04-25 15:30:00-04:00,71.08,71.51,71.01,71.23,670231.0,72.16
2023-04-25 16:00:00-04:00,71.23,71.36,70.76,70.83,1429986.0,72.0
2023-04-25 16:30:00-04:00,70.85,71.59,70.72,71.51,50027.0,71.36
2023-04-25 17:00:00-04:00,71.53,71.65,71.5,71.64,11643.0,71.4
2023-04-25 17:30:00-04:00,71.62,71.8,71.62,71.8,3019.0,71.42
2023-04-25 18:00:00-04:00,71.8,71.8,71.64,71.76,3645.0,71.44
2023-04-25 18:30:00-04:00,71.73,71.93,71.73,71.83,9032.0,71.48
2023-04-25 19:00:00-04:00,71.88,71.92,71.71,71.73,8980.0,71.52
2023-04-25 19:30:00-04:00,71.7,71.75,71.63,71.68,6552.0,71.53
2023-04-25 20:00:00-04:00,71.68,71.79,71.67,71.73,4616.0,71.54
2023-04-26 04:30:00-04:00,71.37,71.61,71.16,71.61,2689.0,71.37
2023-04-26 05:00:00-04:00,71.72,71.72,71.6,71.71,551.0,71.42
2023-04-26 05:30:00-04:00,71.66,71.72,71.54,71.54,975.0,71.46
2023-04-26 06:00:00-04:00,71.62,71.71,71.31,71.36,1269.0,71.45
2023-04-26 06:30:00-04:00,71.54,71.54,71.33,71.47,327.0,71.45
2023-04-26 07:00:00-04:00,71.44,71.44,71.01,71.01,2860.0,71.41
2023-04-26 07:30:00-04:00,71.17,71.2,70.62,70.76,9276.0,71.13
2023-04-26 08:00:00-04:00,70.8,71.3,70.8,70.93,8895.0,71.1
2023-04-26 08:30:00-04:00,71.08,71.61,70.68,71.32,25071.0,71.07
2023-04-26 09:00:00-04:00,71.11,71.48,71.11,71.44,7915.0,71.11
2023-04-26 09:30:00-04:00,71.5,71.53,71.0,71.17,26371.0,71.15
2023-04-26 10:00:00-04:00,71.18,71.38,70.89,71.19,1288585.0,71.15
2023-04-26 10:30:00-04:00,71.16,71.23,70.22,70.4,1323218.0,70.9
2023-04-26 11:00:00-04:00,70.39,70.9,70.38,70.85,1023523.0,70.83
2023-04-26 11:30:00-04:00,70.87,71.54,70.85,71.34,1093559.0,70.94
2023-04-26 12:00:00-04:00,71.35,71.52,71.15,71.42,747439.0,71.0
2023-04-26 12:30:00-04:00,71.43,71.68,71.28,71.33,726085.0,71.07
2023-04-26 13:00:00-04:00,71.3,71.32,70.98,71.09,620957.0,71.07
2023-04-26 13:30:00-04:00,71.08,71.23,70.77,70.85,673416.0,71.07
2023-04-26 14:00:00-04:00,70.86,70.94,70.2,70.34,754966.0,71.02
2023-04-26 14:30:00-04:00,70.34,70.38,69.99,70.37,935564.0,70.94
2023-04-26 15:00:00-04:00,70.36,70.37,69.74,69.87,974869.0,70.84
2023-04-26 15:30:00-04:00,69.87,70.07,69.66,69.85,743365.0,70.77
2023-04-26 16:00:00-04:00,69.85,70.2,69.58,69.9,1385446.0,70.65
2023-04-26 16:30:00-04:00,69.9,70.48,69.88,70.48,52092.0,70.17
2023-04-26 17:00:00-04:00,70.46,70.5,70.4,70.4,9936.0,70.21
2023-04-26 17:30:00-04:00,70.45,70.54,70.37,70.43,9043.0,70.24
2023-04-26 18:00:00-04:00,70.45,70.55,70.4,70.55,1476.0,70.25
2023-04-26 18:30:00-04:00,70.45,70.47,70.31,70.39,4524.0,70.25
2023-04-26 19:00:00-04:00,70.35,70.42,70.35,70.41,2555.0,70.26
2023-04-26 19:30:00-04:00,70.42,70.44,70.39,70.42,1721.0,70.26
2023-04-26 20:00:00-04:00,70.35,70.46,70.34,70.46,3572.0,70.27
2023-04-27 04:30:00-04:00,71.02,71.04,70.84,70.88,2939.0,70.95
2023-04-27 05:00:00-04:00,70.97,71.05,70.96,70.98,686.0,70.96
2023-04-27 05:30:00-04:00,71.04,71.04,70.93,70.93,152.0,70.96
2023-04-27 06:00:00-04:00,71.02,71.04,70.92,70.95,726.0,70.97
2023-04-27 06:30:00-04:00,70.93,70.99,70.88,70.91,2000.0,70.95
2023-04-27 07:00:00-04:00,70.99,71.12,70.97,71.09,1189.0,70.96
2023-04-27 07:30:00-04:00,71.1,71.24,71.07,71.15,3442.0,71.01
2023-04-27 08:00:00-04:00,71.1,71.14,71.01,71.14,1876.0,71.02
2023-04-27 08:30:00-04:00,71.26,71.38,71.02,71.37,21816.0,71.17
2023-04-27 09:00:00-04:00,71.4,71.48,70.68,71.19,34473.0,71.07
2023-04-27 09:30:00-04:00,71.22,71.37,71.09,71.2,24377.0,71.1
2023-04-27 10:00:00-04:00,71.2,71.63,71.08,71.5,1453220.0,71.33
2023-04-27 10:30:00-04:00,71.53,71.98,71.41,71.81,995764.0,71.51
2023-04-27 11:00:00-04:00,71.84,72.0,71.5,71.56,705450.0,71.58
2023-04-27 11:30:00-04:00,71.58,72.2,71.43,72.12,779586.0,71.62
2023-04-27 12:00:00-04:00,72.13,72.33,71.98,72.32,549919.0,71.69
2023-04-27 12:30:00-04:00,72.32,72.59,72.32,72.5,598064.0,71.8
2023-04-27 13:00:00-04:00,72.5,72.66,72.43,72.62,471572.0,71.87
2023-04-27 13:30:00-04:00,72.63,72.81,72.57,72.78,494013.0,71.94
2023-04-27 14:00:00-04:00,72.79,73.34,72.79,73.16,803392.0,72.07
2023-04-27 14:30:00-04:00,73.16,73.68,73.15,73.63,807728.0,72.22
2023-04-27 15:00:00-04:00,73.63,74.04,73.56,74.03,892559.0,72.37
2023-04-27 15:30:00-04:00,74.02,74.14,73.83,73.96,635689.0,72.5
2023-04-27 16:00:00-04:00,73.96,74.14,73.86,73.99,3541212.0,72.96
2023-04-27 16:30:00-04:00,74.01,74.62,73.73,74.12,33252.0,74.32
2023-04-27 17:00:00-04:00,74.11,74.34,74.1,74.25,3113.0,74.31
2023-04-27 17:30:00-04:00,74.22,74.31,74.11,74.15,651.0,74.31
2023-04-27 18:00:00-04:00,74.06,74.25,73.62,73.87,2936.0,74.29
2023-04-27 18:30:00-04:00,73.81,73.92,73.64,73.64,3205.0,74.25
2023-04-27 19:00:00-04:00,73.7,73.75,73.64,73.7,2701.0,74.22
2023-04-27 19:30:00-04:00,73.74,73.9,73.72,73.76,1623.0,74.21
2023-04-27 20:00:00-04:00,73.76,73.8,73.68,73.72,2840.0,74.18
2023-04-28 04:30:00-04:00,73.36,73.37,73.12,73.12,3105.0,73.27
2023-04-28 05:00:00-04:00,73.08,73.09,72.91,72.91,1301.0,73.2
2023-04-28 05:30:00-04:00,72.95,73.26,72.81,73.17,415.0,73.18
2023-04-28 06:00:00-04:00,73.25,73.25,73.11,73.24,691.0,73.19
2023-04-28 06:30:00-04:00,73.3,73.3,73.13,73.18,832.0,73.19
2023-04-28 07:00:00-04:00,73.16,73.16,73.08,73.08,393.0,73.19
2023-04-28 07:30:00-04:00,73.08,73.3,73.08,73.3,2107.0,73.17
2023-04-28 08:00:00-04:00,73.35,73.37,73.2,73.2,317.0,73.18
2023-04-28 08:30:00-04:00,73.11,73.36,72.92,73.26,6703.0,73.17
2023-04-28 09:00:00-04:00,73.32,73.54,72.98,73.36,20612.0,73.25
2023-04-28 09:30:00-04:00,73.37,73.59,73.37,73.46,7878.0,73.29
2023-04-28 10:00:00-04:00,73.44,74.16,73.44,74.03,1010705.0,73.9
2023-04-28 10:30:00-04:00,74.02,75.24,73.92,75.18,1169023.0,74.38
2023-04-28 11:00:00-04:00,75.19,75.24,74.21,74.39,1254800.0,74.53
2023-04-28 11:30:00-04:00,74.4,74.74,73.91,74.67,648554.0,74.5
2023-04-28 12:00:00-04:00,74.67,75.28,74.67,75.21,469159.0,74.55
2023-04-28 12:30:00-04:00,75.23,75.41,75.01,75.32,467341.0,74.62
2023-04-28 13:00:00-04:00,75.33,75.62,75.12,75.59,479050.0,74.69
2023-04-28 13:30:00-04:00,75.59,75.63,75.31,75.59,313726.0,74.74
2023-04-28 14:00:00-04:00,75.59,75.64,75.1,75.31,547548.0,74.79
2023-04-28 14:30:00-04:00,75.32,75.61,75.13,75.22,570900.0,74.85
2023-04-28 15:00:00-04:00,75.26,75.29,74.86,75.23,605594.0,74.86
2023-04-28 15:30:00-04:00,75.21,75.65,75.18,75.31,749687.0,74.92
2023-04-28 16:00:00-04:00,75.31,75.87,75.16,75.87,1161274.0,74.98
2023-04-28 16:30:00-04:00,75.77,76.05,75.77,75.87,38495.0,75.94
2023-04-28 17:00:00-04:00,75.86,75.93,75.82,75.93,15874.0,75.92
2023-04-28 17:30:00-04:00,75.84,75.9,75.73,75.73,933.0,75.92
2023-04-28 18:00:00-04:00,75.87,75.87,75.69,75.69,275.0,75.92
2023-04-28 18:30:00-04:00,75.77,75.87,75.67,75.79,846.0,75.91
2023-04-28 19:00:00-04:00,75.8,75.87,75.78,75.78,60.0,75.91
2023-04-28 19:30:00-04:00,75.85,75.89,75.85,75.89,162.0,75.91
2023-04-28 20:00:00-04:00,75.88,76.0,75.85,75.86,1550.0,75.91
2023-05-01 04:30:00-04:00,75.83,75.84,75.66,75.68,874.0,75.8
2023-05-01 05:00:00-04:00,75.68,75.68,75.59,75.65,2672.0,75.67
2023-05-01 05:30:00-04:00,75.68,75.9,75.68,75.85,1111.0,75.71
2023-05-01 06:00:00-04:00,75.78,75.84,75.78,75.84,1274.0,75.74
2023-05-01 06:30:00-04:00,75.8,75.86,75.7,75.7,1798.0,75.76
2023-05-01 07:00:00-04:00,75.72,75.79,75.71,75.79,346.0,75.76
2023-05-01 07:30:00-04:00,75.8,75.81,75.72,75.72,2783.0,75.77
2023-05-01 08:00:00-04:00,75.71,75.72,75.52,75.52,2972.0,75.73
2023-05-01 08:30:00-04:00,75.79,75.81,75.48,75.56,44776.0,75.71
2023-05-01 09:00:00-04:00,75.54,75.74,75.47,75.69,2981.0,75.71
2023-05-01 09:30:00-04:00,75.64,75.64,75.41,75.55,10813.0,75.68
2023-05-01 10:00:00-04:00,75.56,76.25,75.54,76.08,905849.0,75.92
2023-05-01 10:30:00-04:00,76.04,76.27,75.74,75.85,781332.0,75.95
2023-05-01 11:00:00-04:00,75.85,76.44,75.76,76.38,601926.0,76.01
2023-05-01 11:30:00-04:00,76.39,76.48,75.63,75.77,609696.0,76.02
2023-05-01 12:00:00-04:00,75.76,76.06,75.7,76.04,424780.0,76.0
2023-05-01 12:30:00-04:00,76.03,76.36,76.02,76.3,388060.0,76.01
2023-05-01 13:00:00-04:00,76.31,76.74,76.31,76.5,587721.0,76.08
2023-05-01 13:30:00-04:00,76.51,76.58,76.28,76.31,345444.0,76.11
2023-05-01 14:00:00-04:00,76.31,76.51,76.2,76.43,409607.0,76.13
2023-05-01 14:30:00-04:00,76.42,76.47,76.07,76.16,394513.0,76.15
2023-05-01 15:00:00-04:00,76.15,76.15,75.54,75.9,791589.0,76.09
2023-05-01 15:30:00-04:00,75.94,75.96,75.66,75.73,447078.0,76.07
2023-05-01 16:00:00-04:00,75.75,75.89,75.46,75.58,943945.0,76.03
2023-05-01 16:30:00-04:00,75.56,75.79,75.55,75.57,5765.0,75.71
2023-05-01 17:00:00-04:00,75.58,75.58,75.26,75.3,10890.0,75.5
2023-05-01 17:30:00-04:00,75.28,75.41,75.25,75.25,336.0,75.5
2023-05-01 18:00:00-04:00,75.45,75.45,75.37,75.4,716.0,75.49
2023-05-01 18:30:00-04:00,75.16,75.34,75.16,75.34,2206.0,75.46
2023-05-01 19:00:00-04:00,75.31,75.38,75.25,75.28,628.0,75.46
2023-05-01 19:30:00-04:00,75.32,75.37,75.32,75.35,405.0,75.46
2023-05-01 20:00:00-04:00,75.32,75.32,75.28,75.28,780.0,75.45
2023-05-02 04:30:00-04:00,75.45,75.45,75.28,75.32,1103.0,75.34
2023-05-02 05:00:00-04:00,75.33,75.34,75.3,75.3,469.0,75.34
2023-05-02 05:30:00-04:00,75.28,75.28,75.23,75.23,80.0,75.33
2023-05-02 06:00:00-04:00,75.45,75.48,75.4,75.4,1030.0,75.38
2023-05-02 06:30:00-04:00,75.22,75.27,75.11,75.27,900.0,75.34
2023-05-02 07:00:00-04:00,75.23,75.28,75.21,75.28,648.0,75.32
2023-05-02 07:30:00-04:00,75.34,75.44,75.34,75.34,41.0,75.32
2023-05-02 08:00:00-04:00,75.35,75.35,75.26,75.26,658.0,75.32
2023-05-02 08:30:00-04:00,75.34,75.66,75.13,75.14,9642.0,75.28
2023-05-02 09:00:00-04:00,75.11,75.27,75.07,75.16,40151.0,75.24
2023-05-02 09:30:00-04:00,75.16,75.23,75.05,75.18,7044.0,75.23
2023-05-02 10:00:00-04:00,75.18,75.18,74.54,74.66,892975.0,74.79
2023-05-02 10:30:00-04:00,74.67,74.79,72.89,73.09,1620934.0,74.05
2023-05-02 11:00:00-04:00,73.06,73.06,72.0,72.05,1582049.0,73.49
2023-05-02 11:30:00-04:00,72.03,72.13,71.55,71.7,1518709.0,73.08
2023-05-02 12:00:00-04:00,71.71,72.24,71.37,71.84,1506032.0,72.82
2023-05-02 12:30:00-04:00,71.85,72.22,71.71,72.17,747185.0,72.72
2023-05-02 13:00:00-04:00,72.16,72.47,72.08,72.38,774855.0,72.68
2023-05-02 13:30:00-04:00,72.37,72.77,72.27,72.7,739697.0,72.67
2023-05-02 14:00:00-04:00,72.7,73.25,72.62,73.0,883042.0,72.69
2023-05-02 14:30:00-04:00,73.02,73.04,72.44,72.67,669922.0,72.69
2023-05-02 15:00:00-04:00,72.66,73.19,72.58,73.16,737109.0,72.71
2023-05-02 15:30:00-04:00,73.15,73.42,72.91,73.29,865582.0,72.74
2023-05-02 16:00:00-04:00,73.29,73.3,72.82,73.07,1248926.0,72.77
2023-05-02 16:30:00-04:00,73.11,73.14,73.0,73.01,10579.0,73.05
2023-05-02 17:00:00-04:00,73.04,73.05,72.84,72.84,5995.0,73.01
2023-05-02 17:30:00-04:00,72.88,72.95,72.79,72.79,1684.0,73.0
2023-05-02 18:00:00-04:00,72.79,72.94,72.72,72.93,729.0,72.99
2023-05-02 18:30:00-04:00,72.81,72.9,72.81,72.9,1249.0,72.98
2023-05-02 19:00:00-04:00,72.92,72.92,72.83,72.87,478.0,72.98
2023-05-02 19:30:00-04:00,72.87,72.94,72.87,72.94,164.0,72.98
2023-05-02 20:00:00-04:00,72.97,73.11,72.97,73.08,3482.0,72.99
2023-05-03 04:30:00-04:00,73.24,73.4,73.24,73.4,1101.0,73.32
2023-05-03 05:00:00-04:00,73.4,73.4,73.36,73.36,48.0,73.32
2023-05-03 06:00:00-04:00,73.27,73.27,73.27,73.27,63.0,73.32
2023-05-03 06:30:00-04:00,73.39,73.53,73.39,73.4,2388.0,73.4
2023-05-03 07:00:00-04:00,73.46,73.52,73.24,73.24,1596.0,73.38
2023-05-03 07:30:00-04:00,73.46,73.46,73.46,73.46,50.0,73.38
2023-05-03 08:00:00-04:00,73.6,73.62,73.48,73.5,3976.0,73.47
2023-05-03 08:30:00-04:00,73.41,73.7,73.3,73.54,39414.0,73.5
2023-05-03 09:00:00-04:00,73.58,73.58,73.21,73.28,10453.0,73.48
2023-05-03 09:30:00-04:00,73.22,73.46,73.15,73.28,10801.0,73.46
2023-05-03 10:00:00-04:00,73.29,73.97,73.23,73.73,1239060.0,73.56
2023-05-03 10:30:00-04:00,73.75,73.89,73.29,73.32,843455.0,73.56
2023-05-03 11:00:00-04:00,73.3,73.42,72.83,73.01,1081911.0,73.4
2023-05-03 11:30:00-04:00,73.02,73.08,72.72,72.89,767633.0,73.3
2023-05-03 12:00:00-04:00,72.89,73.38,72.8,73.36,965256.0,73.26
2023-05-03 12:30:00-04:00,73.37,73.51,73.13,73.49,648892.0,73.27
2023-05-03 13:00:00-04:00,73.5,73.69,73.34,73.69,460494.0,73.29
2023-05-03 13:30:00-04:00,73.71,73.89,73.6,73.85,564312.0,73.33
2023-05-03 14:00:00-04:00,73.86,73.92,73.58,73.72,565778.0,73.36
2023-05-03 14:30:00-04:00,73.71,74.39,73.15,73.92,2572196.0,73.45
2023-05-03 15:00:00-04:00,73.93,74.6,72.73,73.73,3865148.0,73.51
2023-05-03 15:30:00-04:00,73.72,74.18,71.89,71.92,3262453.0,73.36
2023-05-03 16:00:00-04:00,71.93,72.03,71.36,71.47,3435773.0,73.04
2023-05-03 16:30:00-04:00,71.41,71.98,71.37,71.79,45694.0,71.74
2023-05-03 17:00:00-04:00,71.81,71.91,70.88,70.98,40637.0,71.61
2023-05-03 17:30:00-04:00,70.91,71.02,70.75,71.0,9620.0,71.53
2023-05-03 18:00:00-04:00,71.0,71.0,70.54,70.6,6028.0,71.48
2023-05-03 18:30:00-04:00,70.5,70.55,69.99,70.38,11028.0,71.37
2023-05-03 19:00:00-04:00,70.34,70.57,70.28,70.54,6862.0,71.31
2023-05-03 19:30:00-04:00,70.55,70.69,70.48,70.68,5024.0,71.29
2023-05-03 20:00:00-04:00,70.65,70.8,70.63,70.79,1463.0,71.28
2023-05-04 04:30:00-04:00,71.84,71.86,71.5,71.61,2421.0,71.78
2023-05-04 05:00:00-04:00,71.62,71.63,71.51,71.62,621.0,71.74
2023-05-04 05:30:00-04:00,71.58,71.58,71.38,71.47,1086.0,71.66
2023-05-04 06:00:00-04:00,71.36,71.47,71.22,71.22,2426.0,71.55
2023-05-04 06:30:00-04:00,71.27,71.39,71.02,71.3,2101.0,71.49
2023-05-04 07:00:00-04:00,71.3,71.3,70.89,70.96,1119.0,71.43
2023-05-04 07:30:00-04:00,70.98,70.98,70.73,70.73,94.0,71.42
2023-05-04 08:00:00-04:00,70.88,70.98,70.78,70.84,3197.0,71.29
2023-05-04 08:30:00-04:00,70.98,70.98,70.46,70.84,61769.0,70.8
2023-05-04 09:00:00-04:00,70.85,71.16,70.85,70.89,19676.0,70.84
2023-05-04 09:30:00-04:00,70.9,71.13,70.75,70.89,13472.0,70.85
2023-05-04 10:00:00-04:00,70.89,71.04,69.79,70.18,1936451.0,70.43
2023-05-04 10:30:00-04:00,70.18,70.36,69.34,69.35,1678424.0,70.15
2023-05-04 11:00:00-04:00,69.34,70.23,69.26,69.78,1632684.0,70.02
2023-05-04 11:30:00-04:00,69.78,70.66,69.64,69.98,1201599.0,70.04
2023-05-04 12:00:00-04:00,69.97,70.08,69.45,69.52,740281.0,70.01
2023-05-04 12:30:00-04:00,69.53,70.08,69.2,70.08,884155.0,69.97
2023-05-04 13:00:00-04:00,70.13,70.3,69.69,70.27,782000.0,69.96
2023-05-04 13:30:00-04:00,70.3,70.98,70.16,70.66,1122117.0,70.03
2023-05-04 14:00:00-04:00,70.67,70.9,70.16,70.46,873702.0,70.07
2023-05-04 14:30:00-04:00,70.46,70.51,69.94,69.95,765872.0,70.09
2023-05-04 15:00:00-04:00,69.94,70.16,69.66,69.99,1009405.0,70.07
2023-05-04 15:30:00-04:00,69.98,70.5,69.64,70.01,904498.0,70.06
2023-05-04 16:00:00-04:00,70.0,70.52,69.75,69.96,1158311.0,70.06
2023-05-04 16:30:00-04:00,69.95,69.96,69.66,69.81,14506.0,69.76
2023-05-04 17:00:00-04:00,70.0,70.26,69.75,69.8,48652.0,69.96
2023-05-04 17:30:00-04:00,69.8,69.92,69.79,69.91,1515.0,69.95
2023-05-04 18:00:00-04:00,69.94,70.08,69.94,69.97,28.0,69.95
2023-05-04 18:30:00-04:00,69.96,70.41,69.96,70.41,2568.0,69.96
2023-05-04 19:00:00-04:00,70.4,70.48,70.28,70.48,4090.0,69.98
2023-05-04 19:30:00-04:00,70.48,70.51,70.38,70.51,7990.0,70.03
2023-05-04 20:00:00-04:00,70.57,70.57,70.46,70.48,6135.0,70.07
2023-05-05 04:30:00-04:00,70.58,70.65,70.46,70.49,2878.0,70.56
2023-05-05 05:00:00-04:00,70.54,70.89,70.54,70.87,2231.0,70.63
2023-05-05 05:30:00-04:00,70.88,70.88,70.8,70.8,34.0,70.63
2023-05-05 06:00:00-04:00,70.83,70.96,70.82,70.93,214.0,70.64
2023-05-05 06:30:00-04:00,71.0,71.1,70.96,71.1,1107.0,70.71
2023-05-05 07:00:00-04:00,71.1,71.22,71.0,71.0,273.0,70.72
2023-05-05 07:30:00-04:00,71.15,71.42,71.14,71.42,4638.0,70.92
2023-05-05 08:00:00-04:00,71.45,71.45,71.17,71.34,3170.0,70.99
2023-05-05 08:30:00-04:00,71.13,71.46,71.08,71.29,29059.0,71.19
2023-05-05 09:00:00-04:00,71.1,71.74,70.77,71.32,59762.0,71.19
2023-05-05 09:30:00-04:00,71.31,71.86,71.31,71.76,17713.0,71.26
2023-05-05 10:00:00-04:00,71.77,72.56,71.7,72.45,1734821.0,72.23
2023-05-05 10:30:00-04:00,72.46,72.97,72.43,72.8,1174424.0,72.46
2023-05-05 11:00:00-04:00,72.81,73.24,72.81,72.94,971807.0,72.61
2023-05-05 11:30:00-04:00,72.95,73.16,72.73,73.06,697015.0,72.66
2023-05-05 12:00:00-04:00,73.08,73.09,72.77,72.92,355722.0,72.68
2023-05-05 12:30:00-04:00,72.93,72.97,72.68,72.81,430409.0,72.69
2023-05-05 13:00:00-04:00,72.79,72.97,72.5,72.95,484222.0,72.7
2023-05-05 13:30:00-04:00,72.96,73.19,72.95,73.16,477027.0,72.72
2023-05-05 14:00:00-04:00,73.17,73.41,73.16,73.34,412253.0,72.76
2023-05-05 14:30:00-04:00,73.36,73.76,73.32,73.68,582100.0,72.82
2023-05-05 15:00:00-04:00,73.68,74.31,73.68,74.09,766468.0,72.92
2023-05-05 15:30:00-04:00,74.09,74.21,73.8,73.99,530215.0,73.0
2023-05-05 16:00:00-04:00,73.99,74.05,73.52,73.72,1211907.0,73.1
2023-05-05 16:30:00-04:00,73.7,73.72,73.5,73.65,76034.0,73.71
2023-05-05 17:00:00-04:00,73.63,73.66,73.51,73.59,3949.0,73.7
2023-05-05 17:30:00-04:00,73.57,73.59,73.46,73.46,327.0,73.7
2023-05-05 18:00:00-04:00,73.46,73.69,73.46,73.69,1962.0,73.7
2023-05-05 18:30:00-04:00,73.6,73.6,73.5,73.52,508.0,73.69
2023-05-05 19:00:00-04:00,73.51,73.69,73.51,73.61,122.0,73.69
2023-05-05 19:30:00-04:00,73.55,73.58,73.48,73.58,106.0,73.69
2023-05-05 20:00:00-04:00,73.51,73.69,73.46,73.53,2527.0,73.69
2023-05-08 04:30:00-04:00,73.76,73.81,73.72,73.8,2534.0,73.77
2023-05-08 05:00:00-04:00,73.78,73.84,73.66,73.66,946.0,73.77
2023-05-08 06:00:00-04:00,73.82,73.87,73.82,73.87,135.0,73.77
2023-05-08 06:30:00-04:00,73.86,73.98,73.86,73.98,611.0,73.79
2023-05-08 07:00:00-04:00,73.96,73.96,73.94,73.95,1314.0,73.82
2023-05-08 07:30:00-04:00,73.99,74.11,73.99,74.06,2674.0,73.89
2023-05-08 08:00:00-04:00,74.16,74.16,74.08,74.1,1371.0,73.92
2023-05-08 08:30:00-04:00,74.02,74.23,73.81,74.18,14276.0,74.02
2023-05-08 09:00:00-04:00,74.17,74.18,73.93,74.02,3693.0,74.02
2023-05-08 09:30:00-04:00,74.0,74.03,73.87,73.92,7135.0,74.01
2023-05-08 10:00:00-04:00,73.89,73.96,73.32,73.48,958868.0,73.65
2023-05-08 10:30:00-04:00,73.5,73.65,73.26,73.3,620128.0,73.56
2023-05-08 11:00:00-04:00,73.36,73.69,73.22,73.59,678475.0,73.54
2023-05-08 11:30:00-04:00,73.6,73.84,73.43,73.46,560720.0,73.56
2023-05-08 12:00:00-04:00,73.46,73.78,73.32,73.73,438206.0,73.56
2023-05-08 12:30:00-04:00,73.73,73.8,73.43,73.58,392353.0,73.56
2023-05-08 13:00:00-04:00,73.59,73.66,73.39,73.52,296180.0,73.56
2023-05-08 13:30:00-04:00,73.54,73.71,73.44,73.62,395303.0,73.56
2023-05-08 14:00:00-04:00,73.63,73.88,73.63,73.8,440142.0,73.58
2023-05-08 14:30:00-04:00,73.81,73.91,73.02,73.81,929687.0,73.57
2023-05-08 15:00:00-04:00,73.82,74.05,73.81,73.99,525616.0,73.6
2023-05-08 15:30:00-04:00,74.0,74.03,73.62,73.7,466300.0,73.62
2023-05-08 16:00:00-04:00,73.68,73.97,73.64,73.8,717427.0,73.64
2023-05-08 16:30:00-04:00,73.78,73.84,73.7,73.83,8308.0,73.78
2023-05-08 17:00:00-04:00,73.82,73.82,73.71,73.71,813.0,73.78
2023-05-08 17:30:00-04:00,73.71,73.86,73.68,73.68,770.0,73.78
2023-05-08 18:00:00-04:00,73.64,73.85,73.64,73.64,34.0,73.78
2023-05-08 18:30:00-04:00,73.66,73.73,73.66,73.7,293.0,73.77
2023-05-08 19:00:00-04:00,73.74,73.74,73.66,73.69,156.0,73.77
2023-05-08 19:30:00-04:00,73.68,73.71,73.62,73.65,1090.0,73.76
2023-05-08 20:00:00-04:00,73.65,73.68,73.64,73.66,108.0,73.76
2023-05-09 04:30:00-04:00,73.44,73.44,73.1,73.1,502.0,73.28
2023-05-09 05:00:00-04:00,73.07,73.1,72.9,73.1,695.0,73.15
2023-05-09 05:30:00-04:00,73.09,73.09,73.0,73.0,1365.0,73.11
2023-05-09 06:00:00-04:00,72.98,73.06,72.87,72.87,840.0,73.07
2023-05-09 06:30:00-04:00,73.04,73.04,72.96,72.96,2125.0,73.04
2023-05-09 07:00:00-04:00,73.0,73.0,73.0,73.0,1.0,73.04
2023-05-09 07:30:00-04:00,72.96,72.99,72.9,72.9,549.0,73.03
2023-05-09 08:00:00-04:00,72.91,73.0,72.82,72.98,5372.0,72.96
2023-05-09 08:30:00-04:00,73.02,73.32,72.83,73.06,27302.0,73.03
2023-05-09 09:00:00-04:00,73.09,73.12,72.91,72.93,6733.0,73.03
2023-05-09 09:30:00-04:00,72.94,73.0,72.88,72.9,6408.0,73.02
2023-05-09 10:00:00-04:00,72.9,73.18,72.68,73.15,898498.0,72.88
2023-05-09 10:30:00-04:00,73.18,73.26,72.75,72.97,608268.0,72.92
2023-05-09 11:00:00-04:00,72.98,73.17,72.8,73.04,419323.0,72.94
2023-05-09 11:30:00-04:00,73.03,73.21,72.83,72.97,402794.0,72.96
2023-05-09 12:00:00-04:00,72.98,73.19,72.81,72.84,235757.0,72.96
2023-05-09 12:30:00-04:00,72.84,72.93,72.74,72.75,353443.0,72.94
2023-05-09 13:00:00-04:00,72.76,73.04,72.74,73.02,283733.0,72.94
2023-05-09 13:30:00-04:00,73.02,73.08,72.94,73.03,385749.0,72.94
2023-05-09 14:00:00-04:00,73.03,73.33,72.96,73.28,318016.0,72.96
2023-05-09 14:30:00-04:00,73.29,73.4,73.19,73.26,378080.0,72.99
2023-05-09 15:00:00-04:00,73.29,73.31,72.89,73.06,364260.0,73.0
2023-05-09 15:30:00-04:00,73.08,73.26,73.01,73.1,347713.0,73.01
2023-05-09 16:00:00-04:00,73.1,73.2,72.74,72.84,645050.0,73.01
2023-05-09 16:30:00-04:00,72.78,73.03,72.78,72.93,8534.0,72.93
2023-05-09 17:00:00-04:00,72.93,73.0,72.84,72.85,11193.0,72.95
2023-05-09 17:30:00-04:00,72.91,72.91,72.74,72.74,5477.0,72.91
2023-05-09 18:00:00-04:00,72.84,73.0,72.78,72.83,142.0,72.91
2023-05-09 18:30:00-04:00,72.8,72.93,72.73,72.9,4096.0,72.9
2023-05-09 19:00:00-04:00,72.94,72.95,72.9,72.95,3328.0,72.9
2023-05-09 19:30:00-04:00,72.96,72.96,72.92,72.92,490.0,72.9
2023-05-09 20:00:00-04:00,72.92,73.01,72.92,73.0,5856.0,72.92
2023-05-10 04:30:00-04:00,72.25,72.52,72.2,72.52,2394.0,72.37
2023-05-10 05:00:00-04:00,72.53,72.63,72.49,72.56,2224.0,72.46
2023-05-10 06:00:00-04:00,72.54,72.55,72.54,72.54,1115.0,72.47
2023-05-10 06:30:00-04:00,72.42,72.45,72.42,72.45,260.0,72.47
2023-05-10 07:00:00-04:00,72.53,72.53,72.53,72.53,100.0,72.47
2023-05-10 07:30:00-04:00,72.47,72.62,72.47,72.57,820.0,72.48
2023-05-10 08:00:00-04:00,72.57,72.64,72.56,72.57,1341.0,72.5
2023-05-10 08:30:00-04:00,72.49,72.74,72.44,72.57,29744.0,72.56
2023-05-10 09:00:00-04:00,72.86,74.65,72.81,74.54,112265.0,73.67
2023-05-10 09:30:00-04:00,74.52,74.88,74.29,74.31,39365.0,73.85
2023-05-10 10:00:00-04:00,74.31,74.69,73.09,73.59,2489055.0,73.89
2023-05-10 10:30:00-04:00,73.63,74.26,73.2,73.4,1752754.0,73.87
2023-05-10 11:00:00-04:00,73.42,73.63,72.39,72.76,1582759.0,73.62
2023-05-10 11:30:00-04:00,72.78,73.38,72.74,73.3,977272.0,73.54
2023-05-10 12:00:00-04:00,73.3,73.56,73.09,73.16,1067128.0,73.51
2023-05-10 12:30:00-04:00,73.16,73.19,72.76,73.01,831374.0,73.46
2023-05-10 13:00:00-04:00,73.01,73.07,72.51,72.63,675519.0,73.41
2023-05-10 13:30:00-04:00,72.63,72.66,71.74,71.86,1063806.0,73.29
2023-05-10 14:00:00-04:00,71.86,72.43,71.69,72.32,1085284.0,73.17
2023-05-10 14:30:00-04:00,72.35,72.94,72.35,72.82,1189579.0,73.13
2023-05-10 15:00:00-04:00,72.83,73.45,72.83,73.36,1126873.0,73.13
2023-05-10 15:30:00-04:00,73.36,74.21,73.26,73.99,1163023.0,73.18
2023-05-10 16:00:00-04:00,73.99,74.31,73.67,73.82,1467283.0,73.24
2023-05-10 16:30:00-04:00,73.83,74.01,73.82,73.9,13185.0,73.92
2023-05-10 17:00:00-04:00,73.92,73.92,73.83,73.83,1555.0,73.92
2023-05-10 17:30:00-04:00,73.83,73.88,73.62,73.82,1131.0,73.91
2023-05-10 18:00:00-04:00,73.62,73.86,73.62,73.82,79.0,73.91
2023-05-10 18:30:00-04:00,73.82,73.94,73.81,73.94,482.0,73.91
2023-05-10 19:00:00-04:00,73.92,73.95,73.91,73.95,995.0,73.91
2023-05-10 19:30:00-04:00,73.92,73.99,73.9,73.97,317.0,73.91
2023-05-10 20:00:00-04:00,74.01,74.13,74.01,74.11,2619.0,73.93
2023-05-11 04:30:00-04:00,74.45,74.57,74.39,74.52,6656.0,74.49
2023-05-11 05:00:00-04:00,74.54,74.54,74.36,74.48,2471.0,74.49
2023-05-11 05:30:00-04:00,74.42,74.69,74.33,74.52,3065.0,74.48
2023-05-11 06:00:00-04:00,74.58,74.62,74.45,74.46,1183.0,74.49
2023-05-11 06:30:00-04:00,74.53,74.56,74.29,74.29,310.0,74.49
2023-05-11 07:00:00-04:00,74.3,74.3,74.24,74.24,671.0,74.48
2023-05-11 07:30:00-04:00,74.16,74.16,73.58,73.64,5496.0,74.29
2023-05-11 08:00:00-04:00,73.72,73.78,73.45,73.53,3375.0,74.19
2023-05-11 08:30:00-04:00,74.09,74.35,73.49,73.86,45183.0,73.95
2023-05-11 09:00:00-04:00,74.07,74.15,73.49,73.54,17286.0,73.93
2023-05-11 09:30:00-04:00,73.5,74.11,73.0,73.23,37947.0,73.71
2023-05-11 10:00:00-04:00,73.25,73.32,72.31,72.37,1584876.0,72.7
2023-05-11 10:30:00-04:00,72.39,72.78,72.2,72.68,1063721.0,72.59
2023-05-11 11:00:00-04:00,72.68,72.96,72.28,72.9,854979.0,72.59
2023-05-11 11:30:00-04:00,72.94,73.11,72.73,72.98,748688.0,72.66
2023-05-11 12:00:00-04:00,72.98,73.29,72.92,73.2,565363.0,72.72
2023-05-11 12:30:00-04:00,73.21,73.41,72.91,73.16,676071.0,72.77
2023-05-11 13:00:00-04:00,73.18,73.37,73.14,73.29,306053.0,72.8
2023-05-11 13:30:00-04:00,73.3,73.32,72.88,72.96,449890.0,72.83
2023-05-11 14:00:00-04:00,72.95,73.2,72.36,72.92,649539.0,72.82
2023-05-11 14:30:00-04:00,72.92,73.06,72.72,73.03,434043.0,72.83
2023-05-11 15:00:00-04:00,73.02,73.51,72.97,73.4,665574.0,72.87
2023-05-11 15:30:00-04:00,73.43,73.45,73.11,73.27,571337.0,72.9
2023-05-11 16:00:00-04:00,73.24,73.44,72.99,73.33,904264.0,72.94
2023-05-11 16:30:00-04:00,73.37,73.39,73.22,73.36,5507.0,73.33
2023-05-11 17:00:00-04:00,73.35,73.44,73.34,73.43,4052.0,73.35
2023-05-11 17:30:00-04:00,73.42,73.44,73.27,73.4,2219.0,73.37
2023-05-11 18:00:00-04:00,73.34,73.45,73.34,73.4,14.0,73.37
2023-05-11 18:30:00-04:00,73.45,73.61,73.45,73.56,4005.0,73.42
2023-05-11 19:00:00-04:00,73.54,73.6,73.54,73.6,446.0,73.43
2023-05-11 19:30:00-04:00,73.59,73.59,73.54,73.54,360.0,73.43
2023-05-11 20:00:00-04:00,73.57,73.57,73.47,73.47,1501.0,73.44
2023-05-12 04:30:00-04:00,73.88,74.18,73.79,74.18,4863.0,73.93
2023-05-12 05:00:00-04:00,74.2,74.27,74.17,74.17,1102.0,73.98
2023-05-12 05:30:00-04:00,74.27,74.4,74.27,74.28,240.0,73.99
2023-05-12 06:00:00-04:00,74.24,74.24,74.17,74.17,1097.0,74.02
2023-05-12 06:30:00-04:00,74.17,74.2,74.09,74.17,171.0,74.02
2023-05-12 07:00:00-04:00,74.16,74.28,74.16,74.22,640.0,74.04
2023-05-12 07:30:00-04:00,74.23,74.26,74.12,74.12,1183.0,74.06
2023-05-12 08:00:00-04:00,74.0,74.1,73.98,73.98,753.0,74.06
2023-05-12 08:30:00-04:00,74.2,74.33,73.86,73.88,7080.0,74.05
2023-05-12 09:00:00-04:00,73.88,74.09,73.88,73.96,10795.0,74.04
2023-05-12 09:30:00-04:00,73.95,74.05,73.92,73.97,7477.0,74.03
2023-05-12 10:00:00-04:00,73.98,74.09,73.51,73.61,916816.0,73.89
2023-05-12 10:30:00-04:00,73.61,73.71,73.12,73.21,984476.0,73.62
2023-05-12 11:00:00-04:00,73.19,73.19,72.81,72.94,763126.0,73.43
2023-05-12 11:30:00-04:00,72.96,73.22,72.56,72.61,706810.0,73.32
2023-05-12 12:00:00-04:00,72.61,72.96,72.52,72.93,588851.0,73.23
2023-05-12 12:30:00-04:00,72.97,72.99,72.16,72.2,714859.0,73.11
2023-05-12 13:00:00-04:00,72.2,72.4,71.86,71.93,536846.0,73.01
2023-05-12 13:30:00-04:00,71.92,72.53,71.79,72.31,570077.0,72.92
2023-05-12 14:00:00-04:00,72.3,72.47,71.72,71.79,627716.0,72.84
2023-05-12 14:30:00-04:00,71.78,72.07,71.66,71.9,723257.0,72.74
2023-05-12 15:00:00-04:00,71.89,72.16,71.68,72.09,686720.0,72.66
2023-05-12 15:30:00-04:00,72.12,72.4,71.99,72.36,767335.0,72.63
2023-05-12 16:00:00-04:00,72.38,73.05,72.38,73.01,1366051.0,72.64
2023-05-12 16:30:00-04:00,73.0,73.01,72.75,72.77,37626.0,72.85
2023-05-12 17:00:00-04:00,72.76,72.77,72.7,72.72,5211.0,72.84
2023-05-12 17:30:00-04:00,72.74,72.74,72.65,72.73,831.0,72.84
2023-05-12 18:00:00-04:00,72.7,72.71,72.55,72.71,307.0,72.83
2023-05-12 18:30:00-04:00,72.74,72.74,72.58,72.66,43.0,72.83
2023-05-12 19:00:00-04:00,72.67,72.68,72.67,72.68,3.0,72.83
2023-05-12 19:30:00-04:00,72.72,72.73,72.65,72.65,4259.0,72.82
2023-05-12 20:00:00-04:00,72.65,72.74,72.63,72.65,2682.0,72.82
